,compound_id,base_rdkit_smiles,relation,pXC50,active
0,CHEMBL1088878,CC#CCOc1ccc(S(=O)(=O)N(CC(C)C)[C@H](CCN2C(=O)c3ccccc3C2=O)C(=O)NO)cc1,,7.5376020021010435,1
1,CHEMBL3971551,CC(C)[C@H](C(=O)O)N(CCNC(=O)c1ccccc1)S(=O)(=O)c1ccc(-c2ccccc2)cc1,,5.73754891026957,0
2,CHEMBL484261,CC#CCOc1ccc(S(=O)(=O)N[C@@H](C(=O)NO)[C@H](C)O)cc1,,6.235077015350112,0
3,CHEMBL1683445,C[C@@H](C[C@@](C)(CS(=O)(=O)N1CCN(c2ccc(F)cc2)CC1)N(O)C=O)c1ncc(F)cn1,,8.119186407719209,1
4,CHEMBL4215407,Cc1cc(COc2ccc(S(=O)(=O)N(C)C3(C(=O)NO)CN(C(=O)C(C)C)C3)cc2)c2ccccc2n1,,5.187086643357144,0
5,CHEMBL4167168,CC(C)[C@@H](NC(=O)c1ccc(-c2ccc(CSc3nc4c(c(=O)[nH]3)CCC4)c(F)c2)o1)C(=O)N[C@@H]1CCCC[C@H]1O,<,5.301029995663981,0
6,CHEMBL3337869,COc1cccc(CNC(=O)c2nc3ccccc3c(=O)[nH]2)c1,<,5.0,0
7,CHEMBL2430289,N[C@@H](CCCCNC(=O)c1ccc2c(c1)C(=O)OC21c2ccc(O)cc2Oc2cc(O)ccc21)C(=O)N1CCC(C(=O)NO)(S(=O)(=O)c2ccc(Oc3ccc(OC(F)(F)F)cc3)cc2)CC1,,7.0,0
8,CHEMBL4171677,CNC(=O)[C@@H](NC(=O)c1cnc(-c2ccc(CSc3nc4c(c(=O)[nH]3)CCC4)c(F)c2)n1C)C(C)C,<,5.301029995663981,0
9,CHEMBL2409704,C[C@]1(CS(=O)(=O)N2CCC(Oc3ccc(OCCC(F)(F)F)cc3)CC2)NC(=O)NC1=O,,5.505706231334667,0
10,CHEMBL579067,COc1ccc(Oc2ccc(S(=O)(=O)c3ccccc3CC(=O)O)cc2)cc1,,5.0915149811213505,0
11,CHEMBL1229868,O=C(NO)C1(S(=O)(=O)c2ccc(Oc3ccc(C(F)(F)F)cc3)cc2)CCOCC1,,7.1938200260161125,1
12,CHEMBL4169181,CC(C)[C@@H](NC(=O)c1ccc(-c2ccc(CSc3nc4c(c(=O)[nH]3)CCC4)cc2)o1)C(=O)NCCN,<,5.301029995663981,0
13,CHEMBL226439,COc1ccc(S(=O)(=O)N(CC(=O)NO)OC(C)C)cc1,,5.022276394711152,0
14,CHEMBL2431025,O=C(CNS(=O)(=O)c1ccc(OCc2cc(Br)cc(-c3cccnc3)c2)cc1)NO,,4.669586226650809,0
15,CHEMBL4068176,O=C(NCc1cccc(OCCOc2nc[nH]n2)c1)c1nc2scc(-c3cccc(F)c3)c2c(=O)[nH]1,<,5.0,0
16,CHEMBL561625,CC(C)CN(CC(=O)NO)S(=O)(=O)c1ccc(-c2ccccc2)cc1,,6.275724130399211,0
17,CHEMBL311932,COc1ccc(S(=O)(=O)N(CC(=O)NO)CC(C)C)cc1,,7.886056647693163,1
18,CHEMBL3617405,COc1ccc(-c2ccc(S(=O)(=O)N(OC(C)C)[C@H](CCNC(=O)Cc3ccccc3)C(=O)NO)cc2)cc1,,7.6020599913279625,1
19,CHEMBL1801412,CCOc1ccc(Oc2ccc(S(=O)(=O)C3(C(=O)NO)CCN(C4CC4)CC3)cc2)cc1,,8.167491087293763,1
20,CHEMBL467891,CC(C)[C@@H](NS(=O)(=O)c1ccc(-c2ccc(COc3ccc(C(=O)C4CCCCC4)cc3)cc2)cc1)C(=O)O,,5.7848914189469065,0
21,CHEMBL252465,CCOCCC1(Oc2ccc(Oc3ccccc3C)cc2)C(=O)NC(=O)NC1=O,,7.15002808767115,1
22,CHEMBL4159255,CC(C)[C@H](NC(=O)c1ccc(-c2ccc(CSc3nc4c(c(=O)[nH]3)CCC4)c(F)c2)o1)C(=O)N[C@@H]1CCCC[C@H]1O,<,5.301029995663981,0
23,CHEMBL3828226,O=C(CC[C@H](NS(=O)(=O)c1ccc(-c2ccccc2)cc1)C(=O)O)NCc1ccc(F)cc1,,5.265680319140993,0
24,CHEMBL1766908,C[C@@H]1CN(S(=O)(=O)N[C@@]2(C(=O)O)[C@H](C)[C@@H]2c2ccccc2)CCN1c1ccc(Cl)cc1,,5.6777807052660805,0
25,CHEMBL463395,CC#CCOc1ccc(S(=O)(=O)NC(Cc2c[nH]c3ccc(OCc4ccccc4)cc23)C(=O)O)cc1,,4.705533773838407,0
26,CHEMBL456774,CC(C)[C@H](C(=O)NO)N(CC(=O)O)S(=O)(=O)c1ccc(-c2ccccc2)cc1,,6.51427857351842,0
27,CHEMBL1090284,COc1ccc(S(=O)(=O)N(CC(C)C)[C@@H](C(=O)NO)C(C)C)cc1,,7.795880017344075,1
28,CHEMBL1683455,Cc1cc(C(F)(F)F)ccc1CCC1CCN(S(=O)(=O)C[C@](C)(C[C@H](C)c2ncc(F)cn2)N(O)C=O)CC1,,5.337242168318426,0
29,CHEMBL4159992,CNC(=O)[C@@H](NC(=O)c1ccc(-c2ccc(CNc3nc4c(c(=O)[nH]3)CCC4)c(F)c2)o1)C(C)C,<,5.301029995663981,0
30,CHEMBL605201,COc1cccc(CNC(=O)c2cccc(C(=O)NCc3cccc(OC)c3)c2)c1,<,4.0,0
31,CHEMBL3358154,Cc1cccnc1[C@]1(CNC(=O)c2cc3cc(Cl)ccc3o2)NC(=O)NC1=O,,4.7447274948966935,0
32,CHEMBL230194,Nc1nc2c(-c3ccc[nH]3)nccc2[nH]1,,8.795880017344075,1
33,CHEMBL234530,NS(=O)(=O)c1ccc(CCNC(=O)CN(CC(=O)NO)S(=O)(=O)c2ccc(Oc3ccccc3)cc2)cc1,,8.67778070526608,1
34,CHEMBL496942,Cn1c(=O)n(Cc2ccc(C(=O)O)cc2)c(=O)c2cc(C#CCc3ccccc3)ccc21,<,4.522878745280337,0
35,CHEMBL191106,CC(Oc1cccc2oc(C(=O)Nc3ccc(-c4ccc(S(=O)(=O)N[C@H](C(=O)O)C(C)C)cc4)cc3)cc12)C(=O)O,,4.698970004336019,0
36,CHEMBL198262,COc1c(Br)ccc2oc(C(=O)Nc3ccc(-c4ccc(S(=O)(=O)N[C@H](C(=O)O)C(C)C)cc4)cc3)c(C)c12,,4.821954406114749,0
37,CHEMBL1615187,Cc1noc(C)c1CCC1CCN(S(=O)(=O)C[C@](C)(C[C@H](C)c2ncc(F)cn2)N(O)C=O)CC1,<,5.050609993355088,0
38,CHEMBL2337698,O=C(CNS(=O)(=O)c1ccc(OCc2ccc(F)cc2Cl)cc1)NO,,5.431798275933005,0
39,CHEMBL474523,CNC(=O)[C@H](Cc1c[nH]c2ccccc12)NC(=O)[C@@H](CC(=O)NNS(=O)(=O)c1ccc(C)cc1)CC(C)C,,5.585026652029182,0
40,CHEMBL409536,O=C(OCc1ccccc1)c1cn2c(=O)n(Cc3ccccc3)c(=O)cc2s1,<,4.0,0
41,CHEMBL1767003,C[C@@H]1[C@H](c2ccccc2)[C@]1(NS(=O)(=O)N1Cc2nc3cc(Cl)ccn3c2C1)C(=O)O,,6.552841968657781,0
42,CHEMBL550038,CC(C)[C@H](NS(=O)(=O)c1ccc2c(c1)oc1ccc(N3CCOC3=O)cc12)C(=O)O,,5.647817481888637,0
43,CHEMBL3955404,CC(C)[C@H](Cc1ccc(C(F)(F)F)cc1)C(=O)NC[C@@]1(C2CC2)NC(=O)NC1=O,<,4.0,0
44,CHEMBL4160618,NC(=O)CC[C@H](NS(=O)(=O)c1ccc([N+](=O)[O-])cc1)C(=O)O,,4.117475462045119,0
45,CHEMBL2409699,CCOc1ccc(OC2CCN(S(=O)(=O)C[C@@]3(C)NC(=O)NC3=O)CC2)cc1,,5.5502131530142265,0
46,CHEMBL3827735,O=C(CC[C@H](NS(=O)(=O)c1ccc(-c2ccccc2)cc1)C(=O)O)Nc1ccccc1,,5.857297754262384,0
47,CHEMBL226630,NC(=O)c1noc([C@H](CCCC2CCCCC2)CC(=O)NO)n1,<,5.0,0
48,CHEMBL401445,CNC(=O)[C@H](Cc1c[nH]c2ccccc12)NC(=O)/C(=C/CCc1ccccc1)CC(=O)NO,,4.274905478918531,0
49,CHEMBL4172804,CNC(=O)[C@@H](NC(=O)c1ccc(-c2ccc(CSc3nc4c(c(=O)[nH]3)CCC4)c(F)c2)o1)C(C)(C)O,<,5.301029995663981,0
50,CHEMBL2153261,Nc1nc2c(-c3cccs3)nccc2[nH]1,,9.244125144327509,1
51,CHEMBL1801396,CC(=O)N1CCC(C(=O)NO)(S(=O)(=O)c2ccc(Oc3ccc(OC(F)(F)F)cc3)cc2)CC1,,8.045757490560675,1
52,CHEMBL924,O=P(O)(O)C(O)(Cn1ccnc1)P(=O)(O)O,,4.8996294548824375,0
53,CHEMBL1801419,O=C(NO)C1(S(=O)(=O)c2ccc(Oc3ccc4c(c3)OCO4)cc2)CCNCC1,,7.080921907623926,1
54,CHEMBL228141,COc1ccc(CCc2ccc(S(=O)(=O)N[C@@H](C(C)C)P(=O)(O)O)cc2)cc1,,4.3979400086720375,0
55,CHEMBL4167291,CC(C)CNC(=O)CC[C@H](NS(=O)(=O)c1ccc([N+](=O)[O-])cc1)C(=O)O,,3.509620079996821,0
56,CHEMBL4171886,CNC(=O)CC[C@H](NS(=O)(=O)c1ccc([N+](=O)[O-])cc1)C(=O)O,<,3.3010299956639813,0
57,CHEMBL3394285,O=C(/C=C/c1ccc(C(F)(F)F)cc1)NO,<,4.0,0
58,CHEMBL1766912,C[C@@H]1[C@H](c2ccccc2)[C@]1(NS(=O)(=O)N1CCN(c2ccc(Cl)cc2)C(CO)C1)C(=O)O,,5.214670164989233,0
59,CHEMBL4177034,CC(C)[C@H](NC(=O)c1ccc(-c2ccc(CSc3nc4c(c(=O)[nH]3)CCC4)cc2)o1)C(=O)NC[C@@H](O)CO,<,5.301029995663981,0
60,CHEMBL2409675,CCc1cc(COc2cnc(N3CCN(S(=O)(=O)C[C@@]4(C)NC(=O)NC4=O)CC3)nc2)on1,,4.00477297075072,0
61,CHEMBL1801046,O=C(NO)C1(S(=O)(=O)c2ccc(Oc3ccc(Cl)cc3)cc2)CCOCC1,,8.2518119729938,1
62,CHEMBL3593550,O=C1NC[C@@H](Cc2ccc(O)cc2)N(C[C@@H]2CCCN2C[C@@H](Cc2ccc3ccccc3c2)N2C[C@H](Cc3ccc(O)cc3)N(CCC34CC5CC(CC(C5)C3)C4)C(=O)C2=O)C1=O,<,4.0,0
63,CHEMBL3955430,O=C(NCc1cccc(N2CCN(C(=O)Cc3n[nH]c(=O)[nH]3)CC2)c1)c1nc2ccccc2c(=O)[nH]1,,5.050609993355088,0
64,CHEMBL562003,Cc1c(C(=O)Nc2ccc(-c3ccc(S(=O)(=O)N[C@H](C(=O)O)C(C)C)cc3)cc2)oc2cccc(NS(C)(=O)=O)c12,,4.950781977329818,0
65,CHEMBL1093690,CC(=O)NCC[C@@H](NS(=O)(=O)c1ccc(Br)cc1)C(=O)NO,,6.522878745280337,0
66,CHEMBL508335,CNC(=O)[C@H](Cc1c[nH]c2ccccc12)NC(=O)[C@@H](CC(=O)NNS(=O)(=O)c1ccc(-c2ccc(Br)cc2)cc1)CC(C)C,,4.769551078621726,0
67,CHEMBL1082381,C#CCN1CCC(C(=O)NO)(S(=O)(=O)c2ccc(Sc3ccccc3)cc2)CC1,,7.845707681602501,1
68,CHEMBL2440434,O=[N+]([O-])c1cc(NC(P(=O)(O)O)P(=O)(O)O)ccc1F,<,4.0,0
69,CHEMBL388671,NS(=O)(=O)c1ccc(CCNC(=O)CN(CC(=O)O)S(=O)(=O)c2ccc(-c3ccccc3)cc2)cc1,,4.4698003017969175,0
70,CHEMBL573714,COc1ccc(S(=O)(=O)c2ccccc2CC(=O)NO)cc1,,6.698970004336019,0
71,CHEMBL1683451,C[C@@H](C[C@@](C)(CS(=O)(=O)N1CCC(CCc2ccc(F)cc2Br)CC1)N(O)C=O)c1ncc(F)cn1,,6.4089353929735005,0
72,CHEMBL3593552,O=C1NC[C@@H](Cc2ccccc2)N(C[C@@H]2CCCN2C[C@@H](CC2CCCCC2)N2C[C@H](Cc3ccccc3)N(CCc3ccccc3)C(=O)C2=O)C1=O,<,4.0,0
73,CHEMBL3827306,CCCNC(=O)CC[C@H](NS(=O)(=O)c1ccc(-c2ccccc2)cc1)C(=O)O,,5.108852969551229,0
74,CHEMBL2409702,C[C@]1(CS(=O)(=O)N2CCC(Oc3ccc(OCC(F)(F)F)cc3)CC2)NC(=O)NC1=O,,5.709965388637482,0
75,CHEMBL3617400,CC(C)ON([C@H](CCNC(=O)c1ccccc1)C(=O)NO)S(=O)(=O)c1ccc(-c2ccccc2)cc1,,7.026872146400302,1
76,CHEMBL2337696,O=C(CCNS(=O)(=O)c1ccc(Oc2ccccc2)cc1)NO,,6.8696662315049934,0
77,CHEMBL3960062,O=C(NCc1cccc(OCCCS(=O)(=O)N2CCCCC2C(=O)O)c1)c1nc2ccccc2c(=O)[nH]1,<,5.0,0
78,CHEMBL211274,CC#CCOc1ccc(S(=O)(=O)CC2(C(=O)NO)CCN(C(=O)C(C)(CO)CO)CC2)cc1,,6.051098239029787,0
79,CHEMBL403648,CCOCCC1(Oc2ccc(Oc3ccc(Br)cc3)cc2)C(=O)NC(=O)NC1=O,,7.720105019988361,1
80,CHEMBL1784362,O=CN(O)C1(CS(=O)(=O)N2CCC(CCc3ccccc3)CC2)CCOCC1,,5.920818753952375,0
81,CHEMBL1957605,O=C(NO)[C@@H]1CS(=O)(=O)CN1S(=O)(=O)c1ccc(-c2ccccc2)cc1,,5.42021640338319,0
82,CHEMBL2409692,C[C@]1(CS(=O)(=O)N2CCC(Oc3ccc(OCc4cscn4)cc3)CC2)NC(=O)NC1=O,,5.388276691992658,0
83,CHEMBL1683456,C[C@@H](C[C@@](C)(CS(=O)(=O)N1CCC(CCc2ccc(C(F)(F)F)cc2C2CC2)CC1)N(O)C=O)c1ncc(F)cn1,,4.7447274948966935,0
84,CHEMBL450938,O=[N+]([O-])c1cccc(NC(P(=O)(O)O)P(=O)(O)O)c1,<,4.0,0
85,CHEMBL1801426,CC(C)N1CCC(C(=O)NO)(S(=O)(=O)c2ccc(Oc3ccc(C(F)(F)F)cc3)cc2)CC1,,7.23210238398191,1
86,CHEMBL498915,CNC(=O)[C@H](Cc1c[nH]c2ccccc12)NC(=O)[C@@H](CC(=O)NNS(=O)(=O)c1ccc(N2C(=O)CCC2=O)cc1)CC(C)C,,6.142667503568732,0
87,CHEMBL3617404,COc1ccc(-c2ccc(S(=O)(=O)N(OC(C)C)[C@H](CCNC(C)=O)C(=O)NO)cc2)cc1,,7.638272163982407,1
88,CHEMBL204593,Cc1cc(S(=O)(=O)N[C@@H](C(=O)NO)C2CCOCC2)ccc1F,,5.187086643357144,0
89,CHEMBL2440438,O=P(O)(O)C(Nc1ccc(O)cc1)P(=O)(O)O,<,4.0,0
90,CHEMBL2409693,C[C@]1(CS(=O)(=O)N2CCC(Oc3ccc(OCc4cnsn4)cc3)CC2)NC(=O)NC1=O,,6.455931955649724,0
91,CHEMBL1801421,COCCN1CCC(C(=O)NO)(S(=O)(=O)c2ccc(Oc3ccc4c(c3)OCO4)cc2)CC1,,8.397940008672037,1
92,CHEMBL1784339,Cc1cc(F)ccc1CCC1CCN(S(=O)(=O)CC2(N(O)C=O)CCOCC2)CC1,,5.508638306165727,0
93,CHEMBL440498,O=C(NO)C1(CS(=O)(=O)c2ccc(Oc3ccc(Cl)cc3)cc2)CCOCC1,,8.68242347721177,1
94,CHEMBL1784368,CC(CS(=O)(=O)N1CCN(c2ccc(F)cc2)CC1)N(O)C=O,,6.645891560852599,0
95,CHEMBL1939863,CCCC(=O)c1cc2cc(C(N)=O)ccc2[nH]1,<,3.3010299956639813,0
96,CHEMBL179288,CC(C)ON([C@@H](C(=O)NO)C(C)C)S(=O)(=O)c1ccc(-c2ccccc2)cc1,,8.008773924307505,1
97,CHEMBL472899,O=C(O)CN(CC(=O)NO)S(=O)(=O)c1ccc(Oc2ccccc2)cc1,,7.853871964321762,1
98,CHEMBL1766906,C[C@@H]1[C@H](c2ccccc2)[C@]1(NS(=O)(=O)N1CCN(c2ccc(Cl)cc2)CC1)C(=O)O,,6.346787486224656,0
99,CHEMBL234737,NS(=O)(=O)c1ccc(CCNC(=O)CN(CC(=O)NO)Cc2ccccc2)cc1,<,4.0,0
100,CHEMBL550548,CC(C)ON([C@@H](C(=O)NO)C(C)C)S(=O)(=O)c1ccc(-c2ccc(OCc3ccc(Cl)cc3)cc2)cc1,,4.853871964321762,0
101,CHEMBL235559,CC#CCNc1ccc(S(=O)(=O)CC2(C(=O)NO)CCN(C(=O)C(C)C)CC2)cc1,,5.310602337178717,0
102,CHEMBL147604,O=C(NO)C1c2ccc(OCc3ccccc3)cc2CCN1S(=O)(=O)c1cc(Cl)ccc1Cl,,4.681519274825483,0
103,CHEMBL499905,CC#CCOc1ccc(S(=O)(=O)N[C@H](Cc2cn(Cc3ccc(OC)cc3)c3ccccc23)C(=O)O)cc1,,4.886056647693163,0
104,CHEMBL1766920,C[C@@H]1[C@H](c2ccccc2)[C@]1(NS(=O)(=O)N1CCn2c(nc3cc(Cl)ccc32)C1)C(=O)O,,6.214670164989233,0
105,CHEMBL1784365,Cc1cc(C)c(CCC2CCN(S(=O)(=O)CC3(N(O)C=O)CCOCC3)CC2)cn1,<,5.0,0
106,CHEMBL561036,CCCCOc1ccc(-c2ccc(S(=O)(=O)N(CC(=O)NO)OC(C)C)cc2)cc1,,5.259637310505756,0
107,CHEMBL2440432,O=P(O)(O)C(Nc1ccc(Oc2ccc(Br)cc2)cc1)P(=O)(O)O,,4.305394801066432,0
108,CHEMBL2409706,C[C@]1(CS(=O)(=O)N2CCC(Oc3ccc(OCC(F)(F)C(F)F)cc3)CC2)NC(=O)NC1=O,,6.257274868695301,0
109,CHEMBL4170455,CC(C)NC(=O)CC[C@H](NS(=O)(=O)c1ccc([N+](=O)[O-])cc1)C(=O)O,,3.5212892444872406,0
110,CHEMBL4161253,CNC(=O)[C@@H](NC(=O)c1ccc(-c2ccc(CNc3nc4[nH]ccc4c(=O)[nH]3)c(F)c2)o1)C(C)C,<,5.301029995663981,0
111,CHEMBL1683453,C[C@@H](C[C@@](C)(CS(=O)(=O)N1CCC(CCc2ccc(F)cc2C(F)(F)F)CC1)N(O)C=O)c1ncc(F)cn1,,5.443697499232713,0
112,CHEMBL1940314,O=C(NC1CCS(=O)(=O)CC1)c1ccc(Oc2ccc(C#C[C@]3(O)CN4CCC3CC4)cc2)cc1,<,5.0,0
113,CHEMBL4094455,C[C@@H](Cc1ccc(C(F)(F)F)cc1)C(=O)NC[C@@]1(C2CC2)NC(=O)NC1=O,,5.795880017344075,0
114,CHEMBL527018,CC#CCOc1ccc(S(=O)(=O)N[C@H](Cc2c[nH]c3ccc(C)cc23)C(=O)O)cc1,,5.166215625343521,0
115,CHEMBL2153263,Nc1nc2c(-c3ccsc3)nccc2[nH]1,,8.193820026016112,1
116,CHEMBL2409691,C[C@]1(CS(=O)(=O)N2CCC(Oc3ccc(OCc4ccccn4)cc3)CC2)NC(=O)NC1=O,,5.161339774011059,0
117,CHEMBL181244,CC(C)ON(CC(=O)NO)S(=O)(=O)c1ccc(-c2ccccc2)cc1,,5.638272163982407,0
118,CHEMBL1784341,Cc1noc(C)c1CCC1CCN(S(=O)(=O)CC2(N(O)C=O)CCN(C(=O)N3CCC3)CC2)CC1,<,5.0,0
119,CHEMBL391509,CNC(=O)[C@H](Cc1c[nH]c2ccccc12)NC(=O)/C(=C/C=C/c1ccccc1)CC(=O)NO,,5.603800652904264,0
120,CHEMBL251917,Cc1cc(C2CCN(S(=O)(=O)C(C)(C)C(=O)NO)CC2)ccc1-c1cccc(OCCO)n1,,4.696803942579511,0
121,CHEMBL227824,CCOc1ccc(-c2ccc(S(=O)(=O)N[C@@H](C(C)C)P(=O)(O)O)cc2)cc1,,7.958607314841775,1
122,CHEMBL4854306,Cc1ccc(Cl)cc1N1CCN(C(=O)CCC2(C3CC3)NC(=O)NC2=O)CC1,<,4.698970004336019,0
123,CHEMBL1795857,CCCCc1ccc(C#Cc2ccc(S(=O)(=O)N[C@H](Cc3ccc(OCc4ccccc4)cc3)C(=O)NO)s2)cc1,,5.6777807052660805,0
124,CHEMBL4164905,CNC(=O)[C@@H](NC(=O)c1ccc(-c2ccc(CSc3nc4c(c(=O)[nH]3)CCC4)c(F)c2)o1)C1CC1,<,5.301029995663981,0
125,CHEMBL234529,COc1ccc(S(=O)(=O)N(CC(=O)NO)CC(=O)NCCc2ccc(S(N)(=O)=O)cc2)cc1,,7.0467236633326955,1
126,CHEMBL232086,CC#CCOc1ccc(S(=O)(=O)CC2(C(=O)NO)CCN(Cc3c(Cl)cncc3Cl)CC2)cc1,,4.8297382846050425,0
127,CHEMBL1784340,Cc1noc(C)c1CCC1CCN(S(=O)(=O)CC2(N(O)C=O)CCOCC2)CC1,<,4.638272163982407,0
128,CHEMBL4092752,COc1ccc2c(c1)C(=O)N(C[C@@]1(c3cc4cnccc4o3)NC(=O)NC1=O)C2,,6.621602099051862,0
129,CHEMBL234567,CC#CCOc1ccc(S(=O)(=O)CC2(C(=O)NO)CCN(S(=O)(=O)c3c(C)noc3C)CC2)cc1,,4.619788758288394,0
130,CHEMBL3951740,CC(C)[C@H](C(=O)O)N(CCNC(=O)c1cccc(C(=O)NCCN([C@@H](C(=O)N(C)C)C(C)C)S(=O)(=O)c2ccc(-c3ccccc3)cc2)c1)S(=O)(=O)c1ccc(-c2ccccc2)cc1,,6.070581074285707,0
131,CHEMBL1801397,C#CCN1CCC(C(=O)NO)(S(=O)(=O)c2ccc(Oc3ccc(OC(F)(F)F)cc3)cc2)CC1,,8.876148359032914,1
132,CHEMBL250905,CC#CCOc1ccc(S(=O)(=O)CC2(C(=O)NO)CCCNC2)cc1,,5.991399828238082,0
133,CHEMBL3827073,O=C(CC[C@H](NS(=O)(=O)c1ccc(-c2ccccc2)cc1)C(=O)O)NCc1ccccc1,,6.369572124974976,0
134,CHEMBL522422,CNC(=O)[C@H](Cc1c[nH]c2ccccc12)NC(=O)[C@@H](CC(=O)NNS(=O)(=O)c1ccccc1N)CC(C)C,,6.136677139879544,0
135,CHEMBL377272,CC#CCOc1ccc(S(=O)(=O)CC2(C(=O)NO)CCN(C(=O)CCOC)CC2)cc1,,6.050122295963125,0
136,CHEMBL1784367,Cc1cnc(C)c(CCC2CCN(S(=O)(=O)CC3(N(O)C=O)CCOCC3)CC2)c1,<,5.0,0
137,CHEMBL1683454,Cc1cc(F)ccc1CCC1CCN(S(=O)(=O)C[C@](C)(C[C@H](C)c2ncc(F)cn2)N(O)C=O)CC1,,6.795880017344075,0
138,CHEMBL489100,Cc1cc(COc2ccc([C@]3(N)CCN([C@H](CC(C)C)C(=O)NO)C3=O)cc2)c2ccccc2n1,,6.30189945437661,0
139,CHEMBL3827243,O=C(CC[C@H](NS(=O)(=O)c1ccc(-c2ccccc2)cc1)C(=O)O)NCc1ccccc1Cl,,5.7920964696139485,0
140,CHEMBL4165744,CNC(=O)[C@@H](NC(=O)c1ccc(-c2ccc(CSc3nc4[nH]ccc4c(=O)[nH]3)c(F)c2)o1)C(C)C,<,5.301029995663981,0
141,CHEMBL474924,CNC(=O)[C@H](Cc1c[nH]c2ccccc12)NC(=O)[C@@H](CC(=O)NNc1ccc(OC)cc1)CC(C)C,<,5.0,0
142,CHEMBL1615186,C[C@@H](C[C@@](C)(CS(=O)(=O)N1CCC(OCc2ccc(Cl)cc2Cl)CC1)N(O)C=O)c1ncc(F)cn1,,6.366531544420414,0
143,CHEMBL3358151,C[C@]1(CNC(=O)COc2ccc(Cl)cc2)NC(=O)NC1=O,<,4.301029995663981,0
144,CHEMBL3358156,Cn1ccnc1[C@]1(CNC(=O)c2cc3cc(Cl)ccc3o2)NC(=O)NC1=O,,4.096318785688239,0
145,CHEMBL3971135,CC(C)[C@H](NS(=O)(=O)c1ccc(-c2cccc(CNC(=O)c3nc4ccccc4c(=O)[nH]3)c2)cc1)C(=O)O,,6.853871964321762,0
146,CHEMBL1939861,CCOC(=O)c1cc2cc(NS(C)(=O)=O)ccc2[nH]1,<,3.3010299956639813,0
147,CHEMBL466059,CCOc1ccc(-c2ccc(S(=O)(=O)N[C@@H](C(=O)O)C3CCN(C(=O)OC(C)C)CC3)s2)cc1,,7.040958607678906,1
148,CHEMBL212481,CC#CCOc1ccc(S(=O)(=O)CC2(C(=O)NO)CCN(C(=O)c3ccccc3)CC2)cc1,,6.310691140876379,0
149,CHEMBL1082371,COc1ccc(C2CCN(c3ccc(S(=O)(=O)C4(C(=O)NO)CCOCC4)cc3)CC2)c(C)c1,<,5.0,0
150,CHEMBL573715,COc1ccc(Oc2ccc(S(=O)(=O)c3ccccc3CC(=O)NO)cc2)cc1,,7.481486060122113,1
151,CHEMBL1801399,CC(C)N1CCC(C(=O)NO)(S(=O)(=O)c2ccc(Oc3ccc(OC(F)(F)F)cc3)cc2)CC1,,8.148741651280925,1
152,CHEMBL252067,CCOCCC1(Oc2ccc(Oc3ccccc3F)cc2)C(=O)NC(=O)NC1=O,,7.79997073344623,1
153,CHEMBL1801418,C#CCN1CCC(C(=O)NO)(S(=O)(=O)c2ccc(Oc3ccc(S(C)(=O)=O)cc3)cc2)CC1,,5.4576726172260255,0
154,CHEMBL4175968,CC(C)[C@@H](NC(=O)c1ccc(-c2ccc(CSc3nc4c(c(=O)[nH]3)CCC4)cc2)o1)C(=O)NC[C@H](O)CO,<,5.301029995663981,0
155,CHEMBL1939868,CCOC(=O)c1cc2cc(-c3ccccn3)ccc2[nH]1,<,3.3010299956639813,0
156,CHEMBL2431028,NC(=O)NCCC[C@@H](NS(=O)(=O)c1ccc(OCc2cc(Br)cc(Br)c2)cc1)C(=O)NO,,4.709965388637482,0
157,CHEMBL2407117,C[C@]1(CS(=O)(=O)N2CCN(c3ncc(OCc4cc(C(F)(F)F)no4)cn3)CC2)NC(=O)NC1=O,<,5.0,0
158,CHEMBL1767010,C[C@@H]1[C@H](c2ccccc2)[C@]1(NS(=O)(=O)N1CCc2c(nc3cc(F)ccn23)C1)C(=O)O,,5.6777807052660805,0
159,CHEMBL211770,CC#CCOc1ccc(S(=O)(=O)CC2(C(=O)NO)CCN(C(=O)c3cccs3)CC2)cc1,,6.590066876668706,0
160,CHEMBL252268,CCOCCC1(Oc2ccc(Oc3cccc(Cl)c3)cc2)C(=O)NC(=O)NC1=O,,6.919987152892072,0
161,CHEMBL1767015,C[C@H]1[C@@](NS(=O)(=O)N2CCc3c(nn4cc(F)ccc34)C2)(C(=O)O)[C@@]1(C)c1ccccc1,,5.6777807052660805,0
162,CHEMBL2440437,N#Cc1ccc(NC(P(=O)(O)O)P(=O)(O)O)cc1,<,4.0,0
163,CHEMBL187523,CC(C)[C@H](NS(=O)(=O)c1ccc(-c2ccc(NC(=O)c3cc4ccccc4o3)cc2)cc1)C(=O)O,,5.657577319177793,0
164,CHEMBL1795860,CCCCc1ccc(C#Cc2ccc(S(=O)(=O)N[C@H](Cc3csc4ccccc34)C(=O)NO)s2)cc1,,4.638272163982407,0
165,CHEMBL1766903,C[C@@H]1[C@H](c2ccccc2)[C@]1(NS(=O)(=O)c1cc2[nH]c3cc(Cl)ccc3c2s1)C(=O)O,,7.769551078621726,1
166,CHEMBL3593551,CCC[C@H]1CNC(=O)C(=O)N1C[C@@H]1CCCN1C[C@@H](CC1CCCCC1)N1C[C@H](Cc2ccccc2)N(CCc2ccccc2)C(=O)C1=O,<,4.0,0
167,CHEMBL4450729,CCn1ccnc1[C@]1(CNC(=O)c2cc3cc(C(F)(F)F)ccc3o2)NC(=O)NC1=O,,4.107905397309519,0
168,CHEMBL252867,CCOCCC1(Oc2ccc(Oc3ccc(C#N)cc3)cc2)C(=O)NC(=O)NC1=O,,6.699991797446187,0
169,CHEMBL1766918,COCc1cc(N2CCN(S(=O)(=O)N[C@@]3(C(=O)O)[C@H](C)[C@@H]3c3ccccc3)C[C@H]2C)no1,,5.853871964321762,0
170,CHEMBL4172893,CNC(=O)[C@@H](NC(=O)c1ccc(-c2ccc(CSc3nc4c(c(=O)[nH]3)CCC4)c(F)c2)o1)C1CCOCC1,<,5.301029995663981,0
171,CHEMBL2409705,C[C@]1(CS(=O)(=O)N2CCC(Oc3ccc(OCC(F)(F)C(F)(F)F)cc3)CC2)NC(=O)NC1=O,,5.324680016660707,0
172,CHEMBL408720,CC(C)[C@H](NS(=O)(=O)c1ccc(-c2ccc(NCc3cc4ccccc4o3)cc2)cc1)C(=O)O,,5.180456064458132,0
173,CHEMBL250504,CC#CCOc1ccc(S(=O)(=O)CC2(C(=O)NO)CCCN(C(=O)c3ccc(COCC)cc3)C2)cc1,,5.482804102050026,0
174,CHEMBL2431027,O=C(NCCC[C@@H](NS(=O)(=O)c1ccc(OCc2cc(Br)cc(Br)c2)cc1)C(=O)NO)OCc1ccccc1,,4.167491087293763,0
175,CHEMBL1766900,Cc1cnn(-c2ccc(S(=O)(=O)N[C@@]3(C(=O)O)[C@H](C)[C@@H]3c3ccccc3)s2)c1,,8.920818753952375,1
176,CHEMBL1939877,CCOC(=O)c1cc2cc(-c3cc(C(=O)NCc4ccc(CC(=O)O)cc4)nn3C)ccc2[nH]1,<,4.657577319177793,0
177,CHEMBL2431030,O=C(CNS(=O)(=O)c1ccc(OCc2ccc(F)cc2)cc1)NO,,6.229147988357856,0
178,CHEMBL1939874,CCOC(=O)c1cc2cc(-c3cc(C(=O)NCc4ccncc4)nn3C)ccc2[nH]1,<,3.3010299956639813,0
179,CHEMBL515083,COc1ccc(S(=O)(=O)N(CC(=O)O)CC(=O)NO)cc1,,5.772113295386326,0
180,CHEMBL1784359,CS(=O)(=O)c1ccc(CCC2CCN(S(=O)(=O)CC3(N(O)C=O)CCOCC3)CC2)c(C2CC2)c1,<,5.0,0
181,CHEMBL4081997,NCCNS(=O)(=O)c1ccc(-c2ccc(CSc3nc4c(c(=O)[nH]3)CCC4)cc2)cc1,<,5.0,0
182,CHEMBL279785,CNC(=O)[C@@H](NC(=O)[C@H](CC(C)C)[C@H](O)C(=O)NO)C(C)(C)C,,5.0,0
183,CHEMBL572780,COc1ccc(-c2ccc(S(=O)(=O)c3ccccc3C(C)C(=O)NO)cc2)cc1,,6.443697499232713,0
184,CHEMBL1939866,CC(=O)Nc1ccc2[nH]c(C3=NCCO3)cc2c1,<,3.3010299956639813,0
185,CHEMBL147882,Cc1ccc(S(=O)(=O)N2CCc3cc(O)ccc3C2C(=O)NO)cc1,,7.2839966563652006,1
186,CHEMBL1085602,O=C(NO)C1(S(=O)(=O)c2ccc(N3CCN(c4ccccc4)CC3)cc2)CCOCC1,<,5.0,0
187,CHEMBL492599,CNC(=O)[C@H](Cc1c[nH]c2ccccc12)NC(=O)[C@@H](CC(=O)NNS(=O)(=O)c1ccccc1[N+](=O)[O-])CC(C)C,,5.958607314841775,0
188,CHEMBL2326364,O=C(O)Cc1ccccc1S(=O)(=O)c1ccc(-c2ccc(F)cc2)cc1,,5.318758762624412,0
189,CHEMBL1784356,CN1CCC(CS(=O)(=O)N2CCN(c3ccc(F)cc3)CC2)(N(O)C=O)CC1,,5.5376020021010435,0
190,CHEMBL2440580,O=P(O)(O)C(Nc1ccccc1)P(=O)(O)O,<,4.0,0
191,CHEMBL1801394,CCOCCN1CCC(C(=O)NO)(S(=O)(=O)c2ccc(Oc3ccc(OC(F)(F)F)cc3)cc2)CC1,,8.022276394711152,1
192,CHEMBL1784352,Cc1noc(C)c1CCC1CCN(S(=O)(=O)CC2(N(O)C=O)CCCC2)CC1,<,5.0,0
193,CHEMBL227598,CC(C)Oc1ccc(-c2ccc(S(=O)(=O)N[C@@H](C(C)C)P(=O)(O)O)cc2)cc1,,6.886056647693163,0
194,CHEMBL2337690,CC(C)CN(CC(=O)NO)S(=O)(=O)c1ccc(OCc2ccccc2)cc1,,7.086186147616283,1
195,CHEMBL230806,Nc1nc2ccnc(-c3cc(Br)c(Br)[nH]3)c2[nH]1,,9.698970004336019,1
196,CHEMBL2347847,O=C(O)Cc1sc(/C=C2\NC(=O)CS2)nc1-c1ccccc1,<,4.522878745280337,0
197,CHEMBL2409682,C[C@]1(CS(=O)(=O)N2CCC(Oc3ccc(OCc4ccccc4)cc3)CC2)NC(=O)NC1=O,,6.1732774798310075,0
198,CHEMBL4162305,CNC(=O)[C@@H](NC(=O)c1ccc(-c2ccc(CSc3nccc(=O)[nH]3)c(F)c2)o1)C(C)C,<,5.301029995663981,0
199,CHEMBL450479,CCCCCCCCCCCCS(=O)(=O)NNC(=O)C[C@@H](CC(C)C)C(=O)N[C@@H](Cc1c[nH]c2ccccc12)C(=O)NC,,5.013228265733755,0
200,CHEMBL3235911,O=C1NC[C@H](Cc2ccccc2)N(C[C@@H]2CCCN2C[C@@H](CC2CCCCC2)N2C[C@H](Cc3ccc(O)cc3)N(CCc3ccccc3)C(=O)C2=O)C1=O,<,4.0,0
201,CHEMBL4176183,CNC(=O)[C@@H](NC(=O)c1csc(-c2ccc(CSc3nc4c(c(=O)[nH]3)CCC4)c(F)c2)n1)C(C)C,<,5.301029995663981,0
202,CHEMBL2409694,C[C@]1(CS(=O)(=O)N2CCC(Oc3ccc(OCc4ccc(C(F)(F)F)o4)cc3)CC2)NC(=O)NC1=O,,5.730954290342377,0
203,CHEMBL1089842,CC#CCOc1ccc(S(=O)(=O)N[C@H](CCNC(=O)OCc2ccccc2)C(=O)NO)cc1,,6.6777807052660805,0
204,CHEMBL1766901,C[C@@H]1[C@H](c2ccccc2)[C@]1(NS(=O)(=O)c1cc2nc3cc(Cl)ccn3c2s1)C(=O)O,,7.0,0
205,CHEMBL263750,COc1ccc2oc(C(=O)Nc3ccc(-c4ccc(S(=O)(=O)N[C@H](C(=O)O)C(C)C)cc4)cc3)cc2c1,,8.823908740944319,1
206,CHEMBL146289,O=C(NO)C1c2ccc(O)cc2CCN1S(=O)(=O)c1ccccc1,,5.957818405484233,0
207,CHEMBL1784354,CC(C)(CS(=O)(=O)N1CCN(c2ccc(F)cc2)CC1)N(O)C=O,,5.853871964321762,0
208,CHEMBL1683444,C[C@@H](C[C@@H](CS(=O)(=O)N1CCC(OCc2ccc(Cl)cc2Cl)CC1)N(O)C=O)c1ncc(F)cn1,,6.7447274948966935,0
209,CHEMBL1801053,CSc1ccc(Oc2ccc(S(=O)(=O)C3(C(=O)NO)CCOCC3)cc2)cc1,,8.440093374963887,1
210,CHEMBL267603,Nc1nc2ncc(CNc3ccc(C(=O)N[C@@H](CCC(=O)N[C@@H](Cc4ccccc4)C(=O)NO)C(=O)O)cc3)nc2c(=O)[nH]1,,4.096910013008056,0
211,CHEMBL227501,Cc1cccc(-c2ccc(S(=O)(=O)N[C@@H](C(C)C)P(=O)(O)O)cc2)c1,,7.585026652029182,1
212,CHEMBL3617401,CC(C)ON([C@H](CCNS(C)(=O)=O)C(=O)NO)S(=O)(=O)c1ccc(-c2ccccc2)cc1,,7.022276394711152,1
213,CHEMBL1801057,COc1ccc(Oc2ccc(S(=O)(=O)C3(C(=O)NO)CCN(Cc4ccccn4)CC3)cc2)cc1,,8.508638306165727,1
214,CHEMBL194430,Cc1c(C(=O)Nc2ccc(-c3ccc(S(=O)(=O)N[C@H](C(=O)O)C(C)C)cc3)cc2)oc2ccc(Cl)c(OC(C)C)c12,,4.300515012401535,0
215,CHEMBL377862,CC#CCOc1ccc(S(=O)(=O)CC2(C(=O)NO)CCN(C(=O)c3ccc(C)cc3)CC2)cc1,,5.8195873671616765,0
216,CHEMBL1784360,Cc1cc(S(C)(=O)=O)ccc1CCC1CCN(S(=O)(=O)CC2(N(O)C=O)CCOCC2)CC1,<,5.0,0
217,CHEMBL1767011,C[C@@H]1[C@H](c2ccccc2)[C@]1(NS(=O)(=O)N1CCc2c(nn3cc(F)ccc23)C1)C(=O)O,,6.853871964321762,0
218,CHEMBL1766907,C[C@@H]1[C@H](c2ccccc2)[C@]1(NS(=O)(=O)N1CC=C(c2ccc(Cl)cc2)CC1)C(=O)O,,6.522878745280337,0
219,CHEMBL4088383,CNC(=O)[C@@H](NC(=O)c1ccc(-c2ccc(CSc3nc4c(c(=O)[nH]3)CCC4)c(F)c2)o1)C1CCCCC1,<,5.301029995663981,0
220,CHEMBL1801424,O=C(NO)C1(S(=O)(=O)c2ccc(Oc3ccc(C(F)(F)F)cc3)cc2)CCN(C2CC2)CC1,,6.301029995663981,0
221,CHEMBL234735,NS(=O)(=O)c1ccc(CCNC(=O)CN(CC(=O)NO)S(=O)(=O)c2ccc(-c3ccccc3)cc2)cc1,,6.585026652029182,0
222,CHEMBL1939867,CCOC(=O)c1cc2cc(-c3ccccc3)ccc2[nH]1,<,3.3010299956639813,0
223,CHEMBL1090647,CC(=O)NCC[C@@H](NS(=O)(=O)c1ccc(-c2ccccc2)cc1)C(=O)NO,,7.468521082957745,1
224,CHEMBL3891386,CC(C)[C@H](C(=O)NO)N(CCNC(=O)c1cccc(C(=O)NCCN([C@@H](C(=O)NO)C(C)C)S(=O)(=O)c2ccc(-c3ccccc3)cc2)c1)S(=O)(=O)c1ccc(-c2ccccc2)cc1,,6.6020599913279625,0
225,CHEMBL3958969,O=C(NCc1cccc(OCCCS(=O)(=O)N2CCCCC2C(=O)NO)c1)c1nc2ccccc2c(=O)[nH]1,,6.259637310505756,0
226,CHEMBL2409676,C[C@]1(CS(=O)(=O)N2CCN(c3ncc(OCc4ccc(C(F)(F)F)o4)cn3)CC2)NC(=O)NC1=O,,4.470030961879477,0
227,CHEMBL1511860,c1ccc(Nc2nc(CSc3nc[nH]n3)cs2)cc1,,5.1249387366083,0
228,CHEMBL1089843,CC#CCOc1ccc(S(=O)(=O)N[C@H](CCN2C(=O)c3ccccc3C2=O)C(=O)NO)cc1,,8.366531544420413,1
229,CHEMBL209970,CC#CCOc1ccc(S(=O)(=O)CC2(C(=O)NO)CCN(S(=O)(=O)C(C)C)CC2)cc1,,5.36420608142777,0
230,CHEMBL1801425,O=C(NO)C1(S(=O)(=O)c2ccc(Oc3ccc(C(F)(F)F)cc3)cc2)CCNCC1,,6.795880017344075,0
231,CHEMBL1940296,CNC(=O)c1ccc(Oc2ccc(C#C[C@]3(O)CN4CCC3CC4)cc2)cc1,<,4.0,0
232,CHEMBL1940308,CN1CCC(NC(=O)c2ccc(Oc3ccc(C#C[C@]4(O)CN5CCC4CC5)cc3)cc2)CC1,<,5.0,0
233,CHEMBL4102193,O=C(CCc1ccc(C(F)(F)F)cc1)NC[C@@]1(C2CC2)NC(=O)NC1=O,,5.468521082957745,0
234,CHEMBL1084209,Cc1ccc(N2CCN(c3ccc(S(=O)(=O)C4(C(=O)NO)CCOCC4)cc3)CC2)cc1,,5.0851281824599495,0
235,CHEMBL1939876,CCOC(=O)c1cc2cc(-c3cc(C(=O)NCc4ccc(C(=O)O)cc4)nn3C)ccc2[nH]1,,6.580921907623926,0
236,CHEMBL2409707,C[C@]1(CS(=O)(=O)N2CCC(Oc3ccc(OC(F)(F)C(F)F)cc3)CC2)NC(=O)NC1=O,,5.653647025549361,0
237,CHEMBL4210206,COc1ccc(-c2ccc(Sc3ccccc3CC(=O)NO)cc2)cc1,,5.698970004336019,0
238,CHEMBL227484,Cc1ccc(-c2ccc(S(=O)(=O)N[C@@H](C(C)C)P(=O)(O)O)cc2)cc1,,7.958607314841775,1
239,CHEMBL1767012,C[C@@H]1[C@H](c2ccccc2)[C@]1(NS(=O)(=O)N1CCc2c([nH]c3cc(F)ccc23)C1)C(=O)O,,7.008773924307505,1
240,CHEMBL425783,CC#CCOc1ccc(S(=O)(=O)CC2(C(=O)NO)CCN(C(=O)CCCN(C)C)CC2)cc1,,5.562249437179612,0
241,CHEMBL1939875,CCOC(=O)c1cc2cc(-c3cc(C(=O)NCc4ccc(=O)[nH]c4)nn3C)ccc2[nH]1,,4.958607314841775,0
242,CHEMBL1939872,CCOC(=O)c1cc2cc(-c3cncn3C)ccc2[nH]1,,4.823908740944319,0
243,CHEMBL222002,CCOCCC1(Oc2ccc(Oc3ccc(F)cc3)cc2)C(=O)NC(=O)NC1=O,,7.6399749108106025,1
244,CHEMBL1766913,C[C@@H]1CN(S(=O)(=O)N[C@@]2(C(=O)O)[C@H](C)[C@@H]2c2ccccc2)CCN1c1ccc(F)cc1,<,5.0,0
245,CHEMBL1784343,Cc1noc(C)c1CCC1CCN(S(=O)(=O)CC2(N(O)C=O)CCC2)CC1,<,5.0,0
246,CHEMBL250298,CC#CCOc1ccc(S(=O)(=O)CC2(C(=O)NO)CCCN(C(=O)C(C)C)C2)cc1,,5.248720896016658,0
247,CHEMBL1683443,C[C@@H](C[C@@H](CS(=O)(=O)N1CCN(c2ccc(F)cc2)CC1)N(O)C=O)c1ncc(F)cn1,,7.958607314841775,1
248,CHEMBL4163839,O=C(CC[C@H](NS(=O)(=O)c1ccc([N+](=O)[O-])cc1)C(=O)O)NCc1ccccc1,,3.962573502059376,0
249,CHEMBL3926071,CCOCCC1(Oc2ccc(-c3cccc(CNC(=O)c4nc5ccccc5c(=O)[nH]4)c3)cc2)C(=O)NC(=O)NC1=O,,5.431798275933005,0
250,CHEMBL147489,O=C(NO)C1c2ccc(O)cc2CCN1S(=O)(=O)c1ccc([N+](=O)[O-])cc1,,6.283162276700476,0
251,CHEMBL250299,CC#CCOc1ccc(S(=O)(=O)CC2(C(=O)NO)CCCN(C(=O)C(C)CC)C2)cc1,,5.835647144215563,0
252,CHEMBL3770688,Cc1cc(C#N)ccc1N1CCN(S(=O)(=O)N[C@H](CCCNC(=O)OCc2ccccc2)C(=O)NO)CC1,,4.301029995663981,0
253,CHEMBL1801430,O=C(NO)C1(S(=O)(=O)c2ccc(Oc3ccc(OC(F)(F)F)cc3)cc2)CCN(C2CC2)CC1,,8.337242168318426,1
254,CHEMBL561038,CC(C)ON(CC(=O)NO)S(=O)(=O)c1ccc(Oc2ccccc2)cc1,,6.229147988357856,0
255,CHEMBL584365,COc1ccc(-c2ccc(S(=O)(=O)c3ccccc3CC(=O)NO)cc2)cc1,,6.1487416512809245,0
256,CHEMBL550350,CC(C)ON(CC(=O)NO)S(=O)(=O)c1ccc(-c2ccc(OCc3ccc(Cl)cc3)cc2)cc1,,5.468521082957745,0
257,CHEMBL1940310,CC(=O)N1CCC(NC(=O)c2ccc(Oc3ccc(C#C[C@]4(O)CN5CCC4CC5)cc3)cc2)CC1,<,5.0,0
258,CHEMBL210084,CC#CCOc1ccc(S(=O)(=O)CC2(C(=O)NO)CCN(S(C)(=O)=O)CC2)cc1,,5.228412519118745,0
259,CHEMBL1084208,COc1ccc(N2CCN(c3ccc(S(=O)(=O)C4(C(=O)NO)CCOCC4)cc3)CC2)cc1,<,5.0,0
260,CHEMBL3221864,COCCc1cc(COc2ccc([C@]3(N)CCN([C@H](CC(C)C)C(=O)NO)C3=O)cc2)c2ccccc2n1,,5.964570261815451,0
261,CHEMBL2431015,O=C(CNS(=O)(=O)c1ccc(OCc2cccc(Br)c2)cc1)NO,,5.795880017344075,0
262,CHEMBL1801427,CCN1CCC(C(=O)NO)(S(=O)(=O)c2ccc(Oc3ccc(C(F)(F)F)cc3)cc2)CC1,,6.997833938243493,0
263,CHEMBL1801398,CN1CCC(C(=O)NO)(S(=O)(=O)c2ccc(Oc3ccc(OC(F)(F)F)cc3)cc2)CC1,,7.603800652904264,1
264,CHEMBL574605,CC(C(=O)NO)c1ccccc1S(=O)(=O)c1ccc(-c2ccccc2)cc1,,6.0655015487564325,0
265,CHEMBL2440440,O=P(O)(O)C(Nc1ccc(C(F)(F)F)cc1)P(=O)(O)O,<,4.0,0
266,CHEMBL4175116,CNC(=O)[C@@H](NC(=O)c1ccc(-c2ccc(CSc3nc4c(c(=O)[nH]3)CCC4)nc2)o1)C(C)C,<,5.301029995663981,0
267,CHEMBL250708,CC#CCOc1ccc(S(=O)(=O)CC2(C(=O)NO)CCCN(S(=O)(=O)C(C)C)C2)cc1,,5.248720896016658,0
268,CHEMBL3828051,O=C(CC[C@H](NS(=O)(=O)c1ccc(-c2ccccc2)cc1)C(=O)O)NCCc1ccccc1,,5.1627272974977,0
269,CHEMBL2440429,O=P(O)(O)C(Nc1cccc2ccccc12)P(=O)(O)O,,4.161150909262744,0
270,CHEMBL460899,NC(=O)CC1CCCc2sc3nc(C(=O)NCc4ccc5c(c4)NC(=O)CO5)[nH]c(=O)c3c21,<,5.0,0
271,CHEMBL511203,CC(C)C(=O)c1ccc(OCc2ccc(-c3ccc(S(=O)(=O)N[C@@H](C(=O)O)C(C)C)cc3)cc2)cc1,,6.0385789059335515,0
272,CHEMBL523999,CNC(=O)[C@H](Cc1c[nH]c2ccccc12)NC(=O)[C@@H](CC(=O)NNS(=O)(=O)c1ccc([N+](=O)[O-])cc1)CC(C)C,,5.823908740944319,0
273,CHEMBL2431029,O=C(CNS(=O)(=O)c1ccc(OCc2ccc(Br)cc2)cc1)NO,,6.200659450546418,0
274,CHEMBL1084510,COc1ccc(N2CCN(c3ccc(S(=O)(=O)C4(C(=O)NO)CCN(C5CC5)CC4)cc3)CC2)cc1,<,5.0,0
275,CHEMBL563679,CC(C)ON(CC(=O)NO)S(=O)(=O)c1ccc(/C=C/c2ccc(-c3ccccc3)cc2)cc1,,5.552841968657781,0
276,CHEMBL252868,CCOCCC1(Oc2ccc(Oc3ccc(C(=O)NC)cc3)cc2)C(=O)NC(=O)NC1=O,,6.190002844637807,0
277,CHEMBL191613,O=P(O)(O)C(Nc1ccc(Cl)cc1Cl)P(=O)(O)O,<,4.0,0
278,CHEMBL2409684,C[C@]1(CS(=O)(=O)N2CCC(Oc3ccc(OCc4ccc(C#N)cc4)cc3)CC2)NC(=O)NC1=O,,6.935542010773082,0
279,CHEMBL1939846,CC(C)[C@@H]1C(=O)N(O)C(=O)CN1S(=O)(=O)c1ccc(Oc2ccccc2)cc1,,7.080921907623926,1
280,CHEMBL4160072,CNC(=O)[C@@H](NC(=O)c1ccc(-c2ccc(CSc3nc(C)cc(=O)[nH]3)c(F)c2)o1)C(C)C,<,5.301029995663981,0
281,CHEMBL1927183,O=C(O)c1cccc(-n2cc(-c3cc4ccccc4oc3=O)[nH]c2=S)c1,,4.292429823902063,0
282,CHEMBL2431032,O=C(CNS(=O)(=O)c1ccc(OCc2ccc(-c3ccccc3)cc2)cc1)NO,,4.142667503568732,0
283,CHEMBL250709,CC#CCOc1ccc(S(=O)(=O)CC2(C(=O)NO)CCCN(S(=O)(=O)Cc3ccccc3)C2)cc1,,5.903089986991944,0
284,CHEMBL1683461,Cc1cc(C)c(CCC2CCN(S(=O)(=O)C[C@](C)(C[C@H](C)c3ncc(F)cn3)N(O)C=O)CC2)cn1,<,5.431798275933005,0
285,CHEMBL2431021,O=C(CNS(=O)(=O)c1ccc(OCc2cc(Br)cc(Br)c2)cc1)NO,,3.9469215565165805,0
286,CHEMBL4170562,CC(C)[C@@H](NC(=O)c1ccc(-c2ccc(CSc3nc4c(c(=O)[nH]3)CCC4)c(F)c2)o1)C(=O)NC1COC1,<,5.301029995663981,0
287,CHEMBL1795861,CCCCc1ccc(C#Cc2ccc(S(=O)(=O)N3CSC[C@H]3C(=O)NO)s2)cc1,,5.795880017344075,0
288,CHEMBL1084509,O=C(NO)C1(S(=O)(=O)c2ccc(N3CCN(c4ccc(Cl)cc4)CC3)cc2)CCOCC1,,5.301029995663981,0
289,CHEMBL202932,COc1ccc(-c2ccc(S(=O)(=O)N[C@@H](C(C)C)P(=O)(O)O)cc2)cc1,,7.102372908709558,1
290,CHEMBL1940309,CS(=O)(=O)N1CCC(NC(=O)c2ccc(Oc3ccc(C#C[C@]4(O)CN5CCC4CC5)cc3)cc2)CC1,<,5.0,0
291,CHEMBL400430,CC#CCNc1ccc(S(=O)(=O)CC2(C(=O)NO)CCN(C(=O)C(C)CC)CC2)cc1,,5.151995728502731,0
292,CHEMBL1784350,Cc1noc(C)c1CCC1CCN(S(=O)(=O)CC2(N(O)C=O)CCOC(C)(C)C2)CC1,<,5.0,0
293,CHEMBL1784348,CC(=O)N1CCC(CS(=O)(=O)N2CCC(CCc3c(C)noc3C)CC2)(N(O)C=O)CC1,<,5.0,0
294,CHEMBL1801054,O=C(NO)C1(S(=O)(=O)c2ccc(Oc3ccc(SC(F)(F)F)cc3)cc2)CCOCC1,,6.698970004336019,0
295,CHEMBL1083906,Cc1ccccc1N1CCN(c2ccc(S(=O)(=O)C3(C(=O)NO)CCOCC3)cc2)CC1,<,5.0,0
296,CHEMBL2440578,O=[N+]([O-])c1ccc(NC(P(=O)(O)O)P(=O)(O)O)cc1,,4.585026652029182,0
297,CHEMBL399401,CC#CCNc1ccc(S(=O)(=O)CC2(C(=O)NO)CCN(C(=O)N(CC)CC)CC2)cc1,,5.441411416891801,0
298,CHEMBL4176358,CNC(=O)[C@@H](NC(=O)c1ccc(-c2ccc(CSc3nc4[nH]ncc4c(=O)[nH]3)c(F)c2)o1)C(C)C,<,5.301029995663981,0
299,CHEMBL1940311,O=C(NC1CCN(C(=O)C2CC2)CC1)c1ccc(Oc2ccc(C#C[C@]3(O)CN4CCC3CC4)cc2)cc1,<,5.0,0
300,CHEMBL117225,Cc1cc(CCC[C@H](CC(=O)NO)C(=O)N[C@H](C(=O)N[C@H](C)c2ccccc2)C(C)(C)C)ccc1-c1ccccc1,,5.721246399047171,0
301,CHEMBL4589438,CCn1ccnc1[C@]1(CNC(=O)c2cc3cc(Cl)ccc3o2)NC(=O)NC1=O,,4.468521082957745,0
302,CHEMBL1766916,C[C@@H]1CN(S(=O)(=O)N[C@@]2(C(=O)O)[C@H](C)[C@@H]2c2ccccc2)CCN1c1cc(C(F)F)on1,,5.267606240177032,0
303,CHEMBL502674,CNC(=O)[C@H](Cc1c(-c2ccccc2)[nH]c2ccccc12)NC(=O)[C@@H](CC(=O)NNS(=O)(=O)c1ccc(-c2ccc(Br)cc2)cc1)CC(C)C,,5.907630300370879,0
304,CHEMBL1082317,Cc1cccc(N2CCN(C(=O)C3CCN(c4ccc(S(=O)(=O)C5(C(=O)NO)CCOCC5)cc4)CC3)CC2)c1C,<,5.0,0
305,CHEMBL236446,CCCCCC/C=C(\CC(=O)NO)C(=O)N[C@@H](Cc1c[nH]c2ccccc12)C(=O)NC,,5.575118363368933,0
306,CHEMBL197842,CCCCOc1ccc(S(=O)(=O)NCC(=O)NO)cc1,,7.1487416512809245,1
307,CHEMBL1784366,Cc1nsc(C)c1CCC1CCN(S(=O)(=O)CC2(N(O)C=O)CCOCC2)CC1,<,5.0,0
308,CHEMBL3358155,O=C1NC(=O)[C@](CNC(=O)c2cc3cc(Cl)ccc3o2)(c2nccs2)N1,,5.560480747381382,0
309,CHEMBL1767017,C[C@@H]1CN(S(=O)(=O)N[C@@]2(C(=O)O)[C@H](C)[C@]2(C)c2ccccc2)CCN1c1cc(C(F)F)on1,<,5.0,0
310,CHEMBL404715,CCOCCC1(Oc2ccc(Oc3ccc(C(N)=O)cc3)cc2)C(=O)NC(=O)NC1=O,,6.209996479609511,0
311,CHEMBL4072836,CC[C@H](Cc1ccc(C(F)(F)F)cc1)C(=O)NC[C@@]1(C2CC2)NC(=O)NC1=O,,5.096910013008056,0
312,CHEMBL370662,O=P(O)(O)C(Nc1cccc(Br)c1)P(=O)(O)O,<,4.0,0
313,CHEMBL1784345,Cc1noc(C)c1CCC1CCN(S(=O)(=O)CC2(N(O)C=O)CCN(C(=O)C3CCC3)CC2)CC1,<,5.0,0
314,CHEMBL584147,COc1ccc(-c2ccc(S(=O)(=O)c3ccccc3C(C)C(=O)O)cc2)cc1,,5.6777807052660805,0
315,CHEMBL2409687,C[C@]1(CS(=O)(=O)N2CCC(Oc3ccc(OCc4ccc(F)cc4)cc3)CC2)NC(=O)NC1=O,,5.111764326729433,0
316,CHEMBL250297,CC#CCOc1ccc(S(=O)(=O)CC2(C(=O)NO)CCCN(C(=O)OC(C)(C)C)C2)cc1,,5.380906669373257,0
317,CHEMBL2409696,C[C@]1(CS(=O)(=O)N2CCN(c3ncc(OCc4cccc(C#N)c4)cn3)CC2)NC(=O)NC1=O,,4.270964869804208,0
318,CHEMBL2409688,C[C@]1(CS(=O)(=O)N2CCC(Oc3ccc(OCc4cccc(F)c4)cc3)CC2)NC(=O)NC1=O,,6.11690664142431,0
319,CHEMBL1940313,O=C(NC1CCN(C2CC2)CC1)c1ccc(Oc2ccc(C#C[C@]3(O)CN4CCC3CC4)cc2)cc1,<,5.0,0
320,CHEMBL1939869,CCOC(=O)c1cc2cc(-c3cccnc3)ccc2[nH]1,,4.292429823902063,0
321,CHEMBL484262,CC#CCOc1ccc(S(=O)(=O)CC2(C(=O)NO)CCN(c3c(C)noc3C)CC2)cc1,,4.619788758288394,0
322,CHEMBL3932562,CC(C)[C@H](NS(=O)(=O)c1ccc(-c2cccc(CNC(=O)c3nc4ccccc4c(=O)[nH]3)c2)cc1)C(=O)NO,,8.42021640338319,1
323,CHEMBL1767013,C[C@H]1[C@@](NS(=O)(=O)N2CCn3c(nc4cc(F)ccc43)C2)(C(=O)O)[C@@]1(C)c1ccccc1,<,5.0,0
324,CHEMBL4162521,CCCCNC(=O)CC[C@H](NS(=O)(=O)c1ccc([N+](=O)[O-])cc1)C(=O)O,,3.953309778629943,0
325,CHEMBL1801428,COCCN1CCC(C(=O)NO)(S(=O)(=O)c2ccc(Oc3ccc(SC(F)(F)F)cc3)cc2)CC1,,6.966576244513051,0
326,CHEMBL2440436,O=P(O)(O)C(Nc1cccc(F)c1)P(=O)(O)O,<,4.0,0
327,CHEMBL460725,Nc1c(N2CCc3ccc(CNC(=O)c4nc5sc6c(c5c(=O)[nH]4)CCS(=O)(=O)C6)cc3C2)c(=O)c1=O,<,5.0,0
328,CHEMBL212205,CC#CCOc1ccc(S(=O)(=O)CC2(C(=O)NO)CCN(C(=O)CCCCC)CC2)cc1,,5.314258261397736,0
329,CHEMBL3593549,CCCC[C@H]1CN([C@@H](Cc2ccc(O)cc2)CN2CCC[C@H]2CN2C(=O)C(=O)NC[C@H]2Cc2ccc3ccccc3c2)C(=O)C(=O)N1CCC12CC3CC(CC(C3)C1)C2,<,4.0,0
330,CHEMBL4172116,CC(C)[C@@H](NC(=O)c1ccc(-c2ccc(CSc3nc4c(c(=O)[nH]3)CCC4)cc2)o1)C(=O)N[C@@H]1CCCC[C@H]1O,<,5.301029995663981,0
331,CHEMBL1084238,O=C(NO)C1(S(=O)(=O)c2ccc(N3CCN(c4ccc(C(F)(F)F)cc4)CC3)cc2)CCOCC1,<,5.0,0
332,CHEMBL4173661,CC(C)[C@H](NC(=O)c1ccc(-c2ccc(CSc3nc4c(c(=O)[nH]3)CCC4)cc2)o1)C(=O)NC[C@H](O)CO,<,5.301029995663981,0
333,CHEMBL1767016,C[C@@H]1CN(S(=O)(=O)N[C@@]2(C(=O)O)[C@H](C)[C@]2(C)c2ccccc2)CCN1c1ccc(C#N)s1,<,5.0,0
334,CHEMBL561630,COc1ccc(-c2ccc(S(=O)(=O)N(CC(=O)NO)OC(C)C)s2)cc1,<,6.0,0
335,CHEMBL574370,O=C(Cc1ccccc1S(=O)(=O)c1ccc(-c2ccccc2)cc1)NO,,6.026872146400302,0
336,CHEMBL2409695,C[C@]1(CS(=O)(=O)N2CCN(c3ncc(OCc4ccc(F)cc4)cn3)CC2)NC(=O)NC1=O,<,4.000004342966534,0
337,CHEMBL4650334,C[C@H]1CN(C(=O)CC[C@@]2(C3CC3)NC(=O)NC2=O)CCN1c1cc(F)cc(F)c1,<,5.495121540589784,0
338,CHEMBL550148,O=C(CNS(=O)(=O)c1ccc(-c2ccccc2)cc1)NO,,7.154901959985743,1
339,CHEMBL2431026,O=C(NCC[C@@H](NS(=O)(=O)c1ccc(OCc2cc(Br)cc(Br)c2)cc1)C(=O)NO)OCc1ccccc1,,3.9829666607012197,0
340,CHEMBL252464,CCOCCC1(Oc2ccc(Oc3cccc(C)c3)cc2)C(=O)NC(=O)NC1=O,,7.299988937677887,1
341,CHEMBL4869361,Cc1cc(CNC(=O)c2cc(C(=O)NCc3ccc(C(=O)O)cc3)ncn2)ccc1F,<,4.0,0
342,CHEMBL1078279,C[C@@H]1[C@H](c2ccccc2)[C@]1(NS(=O)(=O)c1ccc(-c2ccc(Cl)cc2)s1)C(=O)O,,7.721246399047171,1
343,CHEMBL1766921,C[C@@H]1[C@H](c2ccccc2)[C@]1(NS(=O)(=O)N1CCc2c(nc3cc(Cl)ccn23)C1)C(=O)O,,6.568636235841013,0
344,CHEMBL560837,COc1ccc(-c2ccc(S(=O)(=O)N(CC(=O)NO)OC(C)C)cc2)cc1,,6.0,0
345,CHEMBL4060150,CNC(=O)[C@H](NC(=O)c1ccc(-c2ccc(CSc3nc4c(c(=O)[nH]3)CCC4)c(F)c2)o1)C1CCCCC1,<,5.301029995663981,0
346,CHEMBL95237,CNC(=O)[C@H](Cc1c[nH]c2ccccc12)NC(=O)/C(=C/C(C)C)CC(=O)NO,,8.0,1
347,CHEMBL1229516,CNC(=O)[C@@H](NC(=O)[C@H](CCCc1ccccc1)[C@H](C)N(O)C=O)C(C)(C)C,,7.055517327849832,1
348,CHEMBL227553,CC(C)[C@H](NS(=O)(=O)c1ccc(CCc2ccccc2)cc1)P(=O)(O)O,,5.221848749616356,0
349,CHEMBL4081049,N[C@H]1CCCC[C@H]1NS(=O)(=O)c1ccc(-c2ccc(CSc3nc4c(c(=O)[nH]3)CCC4)cc2)cc1,<,5.0,0
350,CHEMBL1784363,Cc1ccccc1CCC1CCN(S(=O)(=O)CC2(N(O)C=O)CCOCC2)CC1,<,6.113509274827518,0
351,CHEMBL1939873,CCOC(=O)c1cc2cc(-c3cc(C(=O)OC)nn3C)ccc2[nH]1,,4.3872161432802645,0
352,CHEMBL3889936,CC(C)C(CS(=O)(=O)c1ccc(-c2cccc(CNC(=O)c3nc4ccccc4c(=O)[nH]3)c2)cc1)N(O)C=O,,8.267606240177031,1
353,CHEMBL4161914,CC(C)[C@H](NC(=O)c1ccc(-c2ccc(CSc3nc4c(c(=O)[nH]3)CCC4)cc2)o1)C(=O)NC1CC1,<,5.301029995663981,0
354,CHEMBL3972836,CC(C)(Cc1ccc(C(F)(F)F)cc1)C(=O)NC[C@@]1(C2CC2)NC(=O)NC1=O,,4.823908740944319,0
355,CHEMBL452947,CNC(=O)[C@H](Cc1c[nH]c2ccccc12)NC(=O)[C@@H](CC(=O)NNS(=O)(=O)c1ccc(Oc2ccccc2)cc1)CC(C)C,,5.552841968657781,0
356,CHEMBL252466,CCOCCC1(Oc2ccc(Oc3ccc(C(F)(F)F)cc3)cc2)C(=O)NC(=O)NC1=O,,6.819988880942282,0
357,CHEMBL189955,O=C(O)CNS(=O)(=O)c1ccc(-c2ccc(NC(=O)c3cc4ccccc4o3)cc2)cc1,,4.856985199745905,0
358,CHEMBL3337894,COc1cccc(CNC(=O)c2nc3scc(COCc4ccc(C(=O)O)cc4)c3c(=O)[nH]2)c1,<,5.0,0
359,CHEMBL1784342,Cc1noc(C)c1CCC1CCN(S(=O)(=O)CC2(N(O)C=O)CCN(S(C)(=O)=O)CC2)CC1,<,5.0,0
360,CHEMBL1940316,O=C(NC1CCS(=O)(=O)C1)c1ccc(Oc2ccc(C#C[C@]3(O)CN4CCC3CC4)cc2)cc1,<,5.0,0
361,CHEMBL3617402,CC(=O)NCC[C@H](C(=O)NO)N(OC(C)C)S(=O)(=O)c1ccc(-c2ccccc2)cc1,,7.3872161432802645,1
362,CHEMBL4167998,CNC(=O)[C@@H](NC(=O)c1ccc(-c2ccc(CSc3ncc(C)c(=O)[nH]3)c(F)c2)o1)C(C)C,<,5.301029995663981,0
363,CHEMBL4168336,CNC(=O)C1(NC(=O)c2ccc(-c3ccc(CSc4nc5c(c(=O)[nH]4)CCC5)c(F)c3)o2)CCCCC1,<,5.301029995663981,0
364,CHEMBL1683465,Cc1cc(CCC2CCN(S(=O)(=O)C[C@](C)(C[C@H](C)c3ncc(F)cn3)N(O)C=O)CC2)n(C)n1,,4.5376020021010435,0
365,CHEMBL1801051,O=C(NO)C1(S(=O)(=O)c2ccc(Oc3cccc(C(F)(F)F)c3)cc2)CCOCC1,,7.619788758288394,1
366,CHEMBL1795351,CCCCc1ccc(C#Cc2ccc(S(=O)(=O)NCC(=O)NO)s2)cc1,,6.154901959985743,0
367,CHEMBL4203044,COc1ccc(-c2ccc(Sc3ccccc3C3CCC(=O)N(O)C3=O)cc2)cc1,,4.3979400086720375,0
368,CHEMBL567134,CCNc1nc(C#N)nc2c1ncn2-c1cc(F)cc(F)c1,,3.869999994395436,0
369,CHEMBL379287,CC#CCOc1ccc(S(=O)(=O)CC2(C(=O)NO)CCN(C(=O)N(CC)CC)CC2)cc1,,5.721246399047171,0
370,CHEMBL4066965,C[C@H](Cc1ccc(C(F)(F)F)cc1)C(=O)NC[C@@]1(C2CC2)NC(=O)NC1=O,,5.4089353929735005,0
371,CHEMBL148214,COc1ccc(S(=O)(=O)N2CCc3cc(O)c(OC)cc3C2C(=O)NO)cc1,,7.167491087293763,1
372,CHEMBL488617,CNC(=O)[C@H](Cc1c[nH]c2ccccc12)NC(=O)[C@@H](CC(=O)NNS(=O)(=O)c1ccc2ccccc2c1)CC(C)C,,5.0,0
373,CHEMBL2431018,O=C(CNS(=O)(=O)c1ccc(OCc2cccc(-c3ccccc3)c2)cc1)NO,,5.769551078621726,0
374,CHEMBL1801429,O=C(NO)C1(S(=O)(=O)c2ccc(Oc3ccc(OC(F)(F)F)cc3)cc2)CCNCC1,,7.273272790973428,1
375,CHEMBL1939844,COc1ccc(S(=O)(=O)N2CC(=O)N(O)C(=O)[C@H]2C(C)C)cc1,,5.657577319177793,0
376,CHEMBL515980,CC(C)[C@H](C(=O)NO)N(CC(=O)O)S(=O)(=O)c1ccc(Oc2ccccc2)cc1,,8.4089353929735,1
377,CHEMBL1683458,Cc1cc(CCC2CCN(S(=O)(=O)C[C@](C)(C[C@H](C)c3ncc(F)cn3)N(O)C=O)CC2)c(C)cn1,,4.769551078621726,0
378,CHEMBL234034,Cc1cc(Cc2ccc(C(=O)N[C@@H]3CCOC[C@@H]3C(=O)NO)cc2)c2ccccc2n1,<,5.301029995663981,0
379,CHEMBL427366,CCc1ccc2oc(C(=O)Nc3ccc(-c4ccc(S(=O)(=O)N[C@H](C(=O)O)C(C)C)cc4)cc3)c(C)c2c1O,,4.800671482892012,0
380,CHEMBL1801049,CC(C)Oc1ccc(Oc2ccc(S(=O)(=O)C3(C(=O)NO)CCOCC3)cc2)cc1,,7.978810700930062,1
381,CHEMBL262397,CC(C)ON([C@H](CCNC(=O)CCCNC(=O)c1cccc(C(=O)NCCCC(=O)NCC[C@H](C(=O)NO)N(OC(C)C)S(=O)(=O)c2ccc(-c3ccccc3)cc2)c1)C(=O)NO)S(=O)(=O)c1ccc(-c2ccccc2)cc1,,6.935542010773082,0
382,CHEMBL2440431,O=P(O)(O)C(Nc1ccc(Oc2ccc(Cl)cc2)cc1)P(=O)(O)O,,4.119186407719209,0
383,CHEMBL425020,COc1c(C)ccc2oc(C(=O)Nc3ccc(-c4ccc(S(=O)(=O)N[C@H](C(=O)O)C(C)C)cc4)cc3)c(C)c12,,4.821954406114749,0
384,CHEMBL55371,O=P(O)(O)C(Nc1cccc(-c2ccccc2)c1)P(=O)(O)O,,4.3979400086720375,0
385,CHEMBL318252,Cc1cc(COc2ccc(S(=O)(=O)CC(C=C3CCN(CC(C)C)CC3)N(O)C=O)cc2)c2ccccc2n1,<,4.0,0
386,CHEMBL575896,O=C(NO)c1ccccc1S(=O)(=O)c1ccc(Oc2ccccc2)cc1,,5.886056647693163,0
387,CHEMBL503231,COC[C@@H](NC(=O)[C@@H](NC(=O)[C@H](CCCc1ccc(-c2ccccc2)c(C)c1)CC(=O)NO)C(C)(C)C)c1ccccc1,,6.031517051446065,0
388,CHEMBL1927185,O=C(O)COc1ccccc1/C=C1/NC(=S)NC1=O,,4.259637310505756,0
389,CHEMBL2047537,Cc1c(C(=O)O)ccc2c1CC[C@@H]2NC(=O)c1cc(C(=O)NCc2ccc(F)c(C(F)(F)F)c2)nc2c(F)cnn12,<,4.698970004336019,0
390,CHEMBL210133,CC#CCOc1ccc(S(=O)(=O)CC2(C(=O)NO)CCN(S(=O)(=O)Cc3ccccc3)CC2)cc1,,7.920818753952375,1
391,CHEMBL1801416,COCCN1CCC(C(=O)NO)(S(=O)(=O)c2ccc(Oc3ccc(OC(C)C)cc3)cc2)CC1,,7.58838029403677,1
392,CHEMBL439012,O=C(C[C@@H](CCCC1CCCCC1)c1nc(C(=O)NS(=O)(=O)c2ccccc2)no1)NO,<,4.0,0
393,CHEMBL3221863,COCc1cc(COc2ccc([C@]3(N)CCN([C@H](CC(C)C)C(=O)NO)C3=O)cc2)c2ccccc2n1,,5.97183558057553,0
394,CHEMBL1939871,CCOC(=O)c1cc2cc(-c3ccncc3C)ccc2[nH]1,<,3.3010299956639813,0
395,CHEMBL252666,CCOCCC1(Oc2ccc(Oc3ccc(S(C)(=O)=O)cc3)cc2)C(=O)NC(=O)NC1=O,,5.059999795537068,0
396,CHEMBL252269,CCOCCC1(Oc2ccc(Oc3ccc(C)cc3)cc2)C(=O)NC(=O)NC1=O,,7.6399749108106025,1
397,CHEMBL4165348,CC(C)[C@H](NC(=O)c1ccc(-c2ccc(CSc3nc4c(c(=O)[nH]3)CCC4)cc2)o1)C(=O)NCCCO,<,5.301029995663981,0
398,CHEMBL250503,CC#CCOc1ccc(S(=O)(=O)CC2(C(=O)NO)CCCN(C(=O)c3cccc(C)c3)C2)cc1,,5.519993057042849,0
399,CHEMBL2047536,Cc1c(C(=O)O)ccc2c1CC[C@@H]2NC(=O)c1cc(C(=O)NCc2ccc3c(c2)NC(=O)CO3)nc2ccnn12,<,4.698970004336019,0
400,CHEMBL237078,C/C=C/C=C(\CC(=O)NO)C(=O)N[C@@H](Cc1c[nH]c2ccccc12)C(=O)NC,,6.039529222465701,0
401,CHEMBL1083907,O=C(NO)C1(S(=O)(=O)c2ccc(N3CCN(c4ccccc4Cl)CC3)cc2)CCOCC1,<,5.0,0
402,CHEMBL94715,CC#CCOc1ccc(S(=O)(=O)NCC(=O)NO)cc1,,5.5376020021010435,0
403,CHEMBL4164242,CC(C)[C@H](NC(=O)c1ccc(-c2ccc(CSc3nc4c(c(=O)[nH]3)CCC4)cc2)o1)C(=O)N[C@@H]1CCCC[C@H]1O,<,5.301029995663981,0
404,CHEMBL1766902,C[C@@H]1[C@H](c2ccccc2)[C@]1(NS(=O)(=O)c1cc2nn3cc(Cl)ccc3c2s1)C(=O)O,,7.0,0
405,CHEMBL1683452,C[C@@H](C[C@@](C)(CS(=O)(=O)N1CCC(CCc2cc(F)ccc2Cl)CC1)N(O)C=O)c1ncc(F)cn1,,7.251811972993799,1
406,CHEMBL4167912,CNC(=O)[C@@H](NC(=O)c1ccc(-c2ccc(CCc3nc4c(c(=O)[nH]3)CCC4)c(F)c2)o1)C(C)C,<,5.301029995663981,0
407,CHEMBL4873384,O=C1NC(=O)[C@@H](CCC(=O)N2CCN(c3cc(Cl)cc(Cl)c3)CC2)N1,<,4.698970004336019,0
408,CHEMBL4080520,CNC(=O)[C@@H](NC(=O)c1ccc(-c2ccc(CSc3nc4c(c(=O)[nH]3)CCC4)c(F)c2)o1)C(C)C,<,5.301029995663981,0
409,CHEMBL1801045,O=C(NO)C1(S(=O)(=O)c2ccc(Oc3cccc(Cl)c3)cc2)CCOCC1,,8.346787486224656,1
410,CHEMBL148406,Nc1ccc(S(=O)(=O)N2CCc3cc(O)ccc3C2C(=O)NO)cc1,,6.078313524516398,0
411,CHEMBL1767006,C[C@@H]1[C@H](c2ccccc2)[C@]1(NS(=O)(=O)N1CCn2c(nc3ccc(F)cc32)C1)C(=O)O,,6.619788758288394,0
412,CHEMBL1801047,O=C(NO)C1(S(=O)(=O)c2ccc(Oc3ccc(Cl)c(Cl)c3)cc2)CCOCC1,,7.327902142064283,1
413,CHEMBL115653,CN1C(=O)N(C[C@H](C(=O)NO)[C@@H](CC2CCCC2)C(=O)N2CCCCC2)C(=O)C1(C)C,,7.638272163982407,1
414,CHEMBL466118,CC(C)[C@@H](NS(=O)(=O)c1ccc(-c2ccc(COc3ccc4c(c3)CCCC4=O)cc2)cc1)C(=O)O,,5.8843894883257,0
415,CHEMBL497985,CN1CC2(CC2)C[C@H](C(=O)NO)[C@H]1C(=O)N1CCN(c2ccc(C(F)(F)F)cn2)CC1,<,5.301029995663981,0
416,CHEMBL1784349,Cc1ncccc1CCC1CCN(S(=O)(=O)CC2(N(O)C=O)CCOCC2)CC1,,5.096910013008056,0
417,CHEMBL389020,CS(=O)(=O)NCc1noc([C@H](CCCC2CCCCC2)CC(=O)NO)n1,<,4.0,0
418,CHEMBL515913,CNC(=O)[C@H](Cc1c[nH]c2ccccc12)NC(=O)[C@@H](CC(=O)NNc1ccc([N+](=O)[O-])cc1)CC(C)C,<,5.0,0
419,CHEMBL147881,O=C(NO)C1c2ccc(OCc3ccccc3)cc2CCN1S(=O)(=O)c1ccccc1,,7.4089353929735005,1
420,CHEMBL1957606,O=C(NO)[C@@H]1CS(=O)(=O)CN1S(=O)(=O)c1ccc(Oc2ccc(Cl)cc2)cc1,,8.301029995663981,1
421,CHEMBL561039,CCc1ccc(-c2ccc(S(=O)(=O)N(CC(=O)NO)OC(C)C)s2)cc1,,5.619788758288394,0
422,CHEMBL2440581,O=P(O)(O)C(Nc1ccc(F)cc1)P(=O)(O)O,<,4.0,0
423,CHEMBL4172563,CNC(=O)[C@@H](NC(=O)c1ccc(-c2ccc(CSc3nc4ccc(F)cc4c(=O)[nH]3)c(F)c2)o1)C(C)C,<,5.301029995663981,0
424,CHEMBL3770935,Cc1cc(C#N)ccc1N1CCN(S(=O)(=O)N2CSC[C@@H]2C(=O)NO)CC1,,4.0,0
425,CHEMBL2409700,C[C@]1(CS(=O)(=O)N2CCC(Oc3ccc(OC(F)(F)F)cc3)CC2)NC(=O)NC1=O,,5.022230681908425,0
426,CHEMBL434567,COC(=O)N1CC2(CC2)C[C@H](C(=O)NO)[C@H]1C(=O)N1CC=C(c2ccccc2)CC1,,6.112382699664264,0
427,CHEMBL3900422,CC(C)[C@H](C(=O)NO)N(CCNC(=O)c1ccccc1)S(=O)(=O)c1ccc(-c2ccccc2)cc1,,7.638272163982407,1
428,CHEMBL2431017,O=C(CNS(=O)(=O)c1ccc(OCc2cccc(OC(F)(F)F)c2)cc1)NO,,5.5376020021010435,0
429,CHEMBL2409697,C[C@]1(CS(=O)(=O)N2CCN(c3ncc(OCc4ccc(S(C)(=O)=O)cc4)cn3)CC2)NC(=O)NC1=O,<,5.0,0
430,CHEMBL4164676,CNC(=O)[C@@H](NC(=O)c1ccc(-c2ccc(CSc3nc4sccc4c(=O)[nH]3)c(F)c2)o1)C(C)C,<,5.301029995663981,0
431,CHEMBL4175156,CCCCCNC(=O)CC[C@H](NS(=O)(=O)c1ccc([N+](=O)[O-])cc1)C(=O)O,,3.3607127740897633,0
432,CHEMBL1683460,Cc1nsc(C)c1CCC1CCN(S(=O)(=O)C[C@](C)(C[C@H](C)c2ncc(F)cn2)N(O)C=O)CC1,,5.585026652029182,0
433,CHEMBL1083931,O=C(NO)C1(S(=O)(=O)c2ccc(N3CCN(c4ccc(C(F)(F)F)cc4)CC3)cc2)CCN(C2CC2)CC1,<,5.0,0
434,CHEMBL1093689,O=C(NO)[C@@H](CCN1C(=O)c2ccccc2C1=O)NS(=O)(=O)c1ccc(-c2ccccc2C(F)(F)F)cc1,,5.7447274948966935,0
435,CHEMBL4172564,CC(C)[C@@H](NC(=O)c1ccc(-c2ccc(CSc3nc4c(c(=O)[nH]3)CCC4)cc2)o1)C(=O)NCCCO,<,5.301029995663981,0
436,CHEMBL24398,O=C(NO)[C@@H](NCC1CC1)[C@@H](Cc1cccc(O)c1)C(=O)N[C@H]1c2ccccc2C[C@H]1O,<,5.0,0
437,CHEMBL2431020,O=C(CNS(=O)(=O)c1ccc(OCc2cc(F)cc(F)c2)cc1)NO,,6.050609993355088,0
438,CHEMBL398641,Cc1cc(C2CCN(S(=O)(=O)C(C)(C)C(=O)NO)CC2)ccc1-c1cccc(OCCO)c1,,5.767003889607846,0
439,CHEMBL2337697,O=C(CNS(=O)(=O)c1ccc(Oc2ccccc2)nc1)NO,,7.619788758288394,1
440,CHEMBL468722,CC(C)[C@@H](NS(=O)(=O)c1ccc(-c2ccc(COc3ccc(C(=O)c4ccc(F)cc4)cc3)cc2)cc1)C(=O)O,,6.657577319177793,0
441,CHEMBL1766919,C[C@@H]1[C@H](c2ccccc2)[C@]1(NS(=O)(=O)N1CCn2c(cc3cc(Cl)ccc32)C1)C(=O)O,,6.376750709602099,0
442,CHEMBL380049,CC#CCOc1ccc(S(=O)(=O)CC2(C(=O)NO)CCN(C(C)=O)CC2)cc1,,6.016373712875465,0
443,CHEMBL1767008,Cc1ccc2c(c1)nc1n2CCN(S(=O)(=O)N[C@@]2(C(=O)O)[C@H](C)[C@@H]2c2ccccc2)C1,,6.045757490560675,0
444,CHEMBL2440579,O=P(O)(O)C(Nc1ccc(Cl)cc1)P(=O)(O)O,<,4.0,0
445,CHEMBL377317,CC#CCOc1ccc(S(=O)(=O)CC2(C(=O)NO)CCN(C(=O)c3ccncc3)CC2)cc1,,6.245803156968144,0
446,CHEMBL499426,CNC(=O)[C@H](Cc1c[nH]c2ccccc12)NC(=O)[C@@H](CC(=O)NNS(=O)(=O)c1c(C(C)C)cc(C(C)C)cc1C(C)C)CC(C)C,,5.508638306165727,0
447,CHEMBL4436740,Cc1cnc([C@]2(CNC(=O)c3cc4cc(C(F)(F)F)ccc4o3)NC(=O)NC2=O)n1C,,4.2441251443275085,0
448,CHEMBL2409683,C[C@]1(CS(=O)(=O)N2CCC(Oc3ccc(OCc4ccc(S(C)(=O)=O)cc4)cc3)CC2)NC(=O)NC1=O,,7.2076083105017466,1
449,CHEMBL2431031,O=C(CNS(=O)(=O)c1ccc(OCc2ccc(OC(F)(F)F)cc2)cc1)NO,,5.142667503568732,0
450,CHEMBL1800089,O=C(NO)C1(S(=O)(=O)c2ccc(Oc3ccc(C(F)(F)F)cc3)cc2)CCN(CCN2CCOCC2)CC1,,8.130768280269024,1
451,CHEMBL403649,CCOCCC1(Oc2ccc(Oc3ccc(-c4ccccc4)cc3)cc2)C(=O)NC(=O)NC1=O,,7.439973751087107,1
452,CHEMBL2348091,O=C(O)CCc1sc(/C=C2\NC(=O)CS2)nc1-c1ccccn1,,4.619788758288394,0
453,CHEMBL578159,N#Cc1nc(Nc2cc(F)cc(F)c2)c2ncn(CC(F)F)c2n1,,3.3699999987799187,0
454,CHEMBL396296,CN(Cc1cnc2nc(N)nc(N)c2n1)c1ccc(C(=O)N[C@@H](CCC(=O)N[C@@H](Cc2ccccc2)C(=O)NO)C(=O)O)cc1,,4.154901959985743,0
455,CHEMBL575945,Nc1nc2ccnc(-c3c[nH]c4ccccc34)c2[nH]1,,8.55284196865778,1
456,CHEMBL1801415,CC(C)c1ccc(Oc2ccc(S(=O)(=O)C3(C(=O)NO)CCN(C(C)C)CC3)cc2)cc1,,6.798602875679548,0
457,CHEMBL1766909,C[C@H]1CN(S(=O)(=O)N[C@@]2(C(=O)O)[C@H](C)[C@@H]2c2ccccc2)CCN1c1ccc(Cl)cc1,,5.6020599913279625,0
458,CHEMBL1801420,C#CCN1CCC(C(=O)NO)(S(=O)(=O)c2ccc(Oc3ccc4c(c3)OCO4)cc2)CC1,,7.826813731587726,1
459,CHEMBL4175967,CNC(=O)[C@@H](NC(=O)c1ccc(-c2ccc(COc3nc4c(c(=O)[nH]3)CCC4)c(F)c2)o1)C(C)C,<,5.301029995663981,0
460,CHEMBL584122,COc1ccc(Oc2ccc(S(=O)(=O)c3ccccc3C(=O)NO)cc2)cc1,,5.3979400086720375,0
461,CHEMBL236400,CC#CCNc1ccc(S(=O)(=O)CC2(C(=O)NO)CCN(C(=O)c3ccccc3C)CC2)cc1,,6.0,0
462,CHEMBL2440439,Cc1ccc(NC(P(=O)(O)O)P(=O)(O)O)cc1,<,4.0,0
463,CHEMBL1795859,CCCCc1ccc(C#Cc2ccc(S(=O)(=O)N[C@H](Cc3c[nH]c4ccccc34)C(=O)NO)s2)cc1,,5.769551078621726,0
464,CHEMBL1939878,CCOC(=O)c1cc2cc(-c3cc(C(=O)NCc4ccncc4)ncc3C)ccc2[nH]1,<,4.657577319177793,0
465,CHEMBL1082966,O=C(NO)C1(S(=O)(=O)c2ccc(N3CCN(c4ccccc4F)CC3)cc2)CCOCC1,<,5.0,0
466,CHEMBL1427458,Cc1ccc(Oc2ccc(C(=O)NCc3ccncc3)cc2)cc1,<,4.0,0
467,CHEMBL1784338,Cc1cc(CCC2CCN(S(=O)(=O)CC3(N(O)C=O)CCOCC3)CC2)c(C)cn1,<,4.0,0
468,CHEMBL1766911,C[C@@H]1[C@H](c2ccccc2)[C@]1(NS(=O)(=O)N1CCN(c2ccc(Cl)cc2)C(C)(C)C1)C(=O)O,,5.5376020021010435,0
469,CHEMBL252267,CCOCCC1(Oc2ccc(Oc3ccc(Cl)cc3)cc2)C(=O)NC(=O)NC1=O,,7.739928612014925,1
470,CHEMBL4164016,CCNC(=O)CC[C@H](NS(=O)(=O)c1ccc([N+](=O)[O-])cc1)C(=O)O,,4.059981844992337,0
471,CHEMBL1939845,CC(C)[C@@H]1C(=O)N(O)C(=O)CN1S(=O)(=O)c1ccc(-c2ccccc2)cc1,,5.4089353929735005,0
472,CHEMBL3358153,O=C1NC(=O)[C@](CNC(=O)c2cc3cc(Cl)ccc3o2)(c2ccccc2)N1,,5.455931955649724,0
473,CHEMBL4168115,CNC(=O)[C@@H](NC(=O)c1ccc(-c2ccc(CSc3nc4ccccc4c(=O)[nH]3)c(F)c2)o1)C(C)C,<,5.301029995663981,0
474,CHEMBL250710,CC#CCOc1ccc(S(=O)(=O)CC2(C(=O)NO)CCCN(S(=O)(=O)Cc3ccncc3)C2)cc1,,5.782516055786093,0
475,CHEMBL563026,CC(C)ON(CC(=O)NO)S(=O)(=O)c1ccc(-c2ccc(F)cc2)s1,,5.187086643357144,0
476,CHEMBL388453,NS(=O)(=O)c1ccc(CCNC(=O)CN(CC(=O)O)S(=O)(=O)c2ccc(Oc3ccccc3)cc2)cc1,,5.048176964684088,0
477,CHEMBL1795858,CCCCc1ccc(C#Cc2ccc(S(=O)(=O)N[C@H](Cc3ccc(C(=O)c4ccccc4)cc3)C(=O)NO)s2)cc1,,5.180456064458132,0
478,CHEMBL1939865,CCOC(=O)c1cc2cc(NC(C)=O)ccc2[nH]1,<,3.3010299956639813,0
479,CHEMBL1784346,Cc1noc(C)c1CCC1CCN(S(=O)(=O)CC2(N(O)C=O)CCC(F)(F)CC2)CC1,<,5.0,0
480,CHEMBL1683450,Cc1cc(Cl)ccc1CCC1CCN(S(=O)(=O)C[C@](C)(C[C@H](C)c2ncc(F)cn2)N(O)C=O)CC1,,6.443697499232713,0
481,CHEMBL510694,CNC(=O)[C@H](Cc1c[nH]c2ccccc12)NC(=O)/C(=C/CCc1ccccc1)CC(=O)NNS(=O)(=O)c1ccc(-c2ccc(Br)cc2)cc1,,6.978810700930062,0
482,CHEMBL3235912,O=C1NC[C@H](Cc2ccccc2)N(C[C@@H]2CCCN2C[C@H](Cc2ccccc2)N2C[C@H](Cc3ccc(O)cc3)N(CCC34CC5CC(CC(C5)C3)C4)C(=O)C2=O)C1=O,<,4.0,0
483,CHEMBL1796298,O=C(NCc1ccncn1)c1ccc(Oc2ccc(C#C[C@]3(O)CN4CCC3CC4)cc2)cc1,<,5.0,0
484,CHEMBL585376,COc1ccc(S(=O)(=O)c2ccccc2CC(=O)O)cc1,,4.113509274827518,0
485,CHEMBL387079,CC#CCOc1ccc(S(=O)(=O)CC2(C(=O)NO)CCN(Cc3ccncc3)CC2)cc1,,6.105683937315561,0
486,CHEMBL399096,CC#CCOc1ccc(S(=O)(=O)CC2(C(=O)NO)CCCN(C(=O)OCC(C)C)C2)cc1,,5.467245621007502,0
487,CHEMBL2431024,COc1ccc(-c2cc(Br)cc(COc3ccc(S(=O)(=O)NCC(=O)NO)cc3)c2)cc1,,3.769551078621726,0
488,CHEMBL3358158,Cn1ccnc1[C@]1(CNC(=O)c2cc3cc(C(F)(F)F)ccc3o2)NC(=O)NC1=O,,4.0655015487564325,0
489,CHEMBL198778,O=C(CNS(=O)(=O)c1ccc(Oc2ccccc2)cc1)NO,,8.397940008672037,1
490,CHEMBL374377,CC(C)[C@H](NS(=O)(=O)c1ccc(-c2ccc(F)cc2)cc1)P(=O)(O)O,,7.494850021680094,1
491,CHEMBL1084206,COc1cccc(N2CCN(c3ccc(S(=O)(=O)C4(C(=O)NO)CCOCC4)cc3)CC2)c1,,5.543633966870957,0
492,CHEMBL356124,COc1ccc(S(=O)(=O)N2CCc3cc(O)ccc3C2C(=O)NO)cc1,,5.507518989871123,0
493,CHEMBL358539,COc1ccc(S(=O)(=O)N2CCc3cc(OCc4ccccc4)ccc3C2C(=O)NO)cc1,,7.468521082957745,1
494,CHEMBL1085263,COc1ccc(C2CCN(c3ccc(S(=O)(=O)C4(C(=O)NO)CCOCC4)cc3)CC2)c(OC)c1,<,5.0,0
495,CHEMBL376557,CC(C)[C@H](NS(=O)(=O)c1ccc(-c2ccc(Cl)cc2)cc1)P(=O)(O)O,,7.327902142064283,1
496,CHEMBL514138,COc1ccc(S(=O)(=O)N(Cc2cccnc2)[C@@H](C(=O)NO)C(C)C)cc1,,7.734853448732925,1
497,CHEMBL474925,CNC(=O)[C@H](Cc1c[nH]c2ccccc12)NC(=O)[C@@H](CC(=O)NNc1ccc(Cl)c(Cl)c1)CC(C)C,,6.0,0
498,CHEMBL250502,CC#CCOc1ccc(S(=O)(=O)CC2(C(=O)NO)CCCN(C(=O)c3ccccc3C)C2)cc1,,5.730487055782084,0
499,CHEMBL198039,COc1c(Cl)ccc2oc(C(=O)Nc3ccc(-c4ccc(S(=O)(=O)N[C@H](C(=O)O)C(C)C)cc4)cc3)c(C)c12,,4.908289116966377,0
500,CHEMBL509270,CCCCCC/C=C(\CC(=O)NNS(=O)(=O)c1ccc(-c2ccc(Br)cc2)cc1)C(=O)N[C@@H](Cc1c(-c2ccccc2)[nH]c2ccccc12)C(=O)NC,,5.422048872270245,0
501,CHEMBL1683463,Cc1cc(C(F)(F)F)cnc1CCC1CCN(S(=O)(=O)C[C@](C)(C[C@H](C)c2ncc(F)cn2)N(O)C=O)CC1,,4.3979400086720375,0
502,CHEMBL2440441,O=P(O)(O)C(Nc1ccc(Br)cc1)P(=O)(O)O,,5.4089353929735005,0
503,CHEMBL579068,CC(C(=O)O)c1ccccc1S(=O)(=O)c1ccc(-c2ccccc2)cc1,,4.7447274948966935,0
504,CHEMBL3960452,CC(C)[C@H](C(=O)O)N(CCNC(=O)c1cccc(C(=O)NCCN([C@@H](C(=O)O)C(C)C)S(=O)(=O)c2ccc(-c3ccccc3)cc2)c1)S(=O)(=O)c1ccc(-c2ccccc2)cc1,,5.657577319177793,0
505,CHEMBL1683464,C[C@@H](C[C@@](C)(CS(=O)(=O)N1CCC(CCc2ccc(S(C)(=O)=O)cc2Cl)CC1)N(O)C=O)c1ncc(F)cn1,<,5.443697499232713,0
506,CHEMBL437793,CCOCCC1(Oc2ccc(Oc3cccc(F)c3)cc2)C(=O)NC(=O)NC1=O,,7.219970872662662,1
507,CHEMBL4105299,N[C@@H]1CCCC[C@H]1NS(=O)(=O)c1ccc(-c2ccc(CSc3nc4c(c(=O)[nH]3)CCC4)cc2)cc1,<,5.0,0
508,CHEMBL1801052,O=C(NO)C1(S(=O)(=O)c2ccc(Oc3ccc(OC(F)(F)F)cc3)cc2)CCOCC1,,7.97469413473523,1
509,CHEMBL212411,CC#CCOc1ccc(S(=O)(=O)CC2(C(=O)NO)CCN(C(=O)c3ccccc3N)CC2)cc1,,7.013228265733755,1
510,CHEMBL4162629,CC(C)[C@@H](NC(=O)c1ccc(-c2ccc(CSc3nc4c(c(=O)[nH]3)CCC4)c(F)c2)o1)C(=O)NC1CNC1,<,5.301029995663981,0
511,CHEMBL19611,CNC(=O)[C@H](Cc1c[nH]c2ccccc12)NC(=O)[C@@H](CC(=O)NO)CC(C)C,,8.210922373339148,1
512,CHEMBL228188,CC(C)[C@H](NS(=O)(=O)c1ccc(-c2cccc(Cl)c2)cc1)P(=O)(O)O,,7.1249387366083,1
513,CHEMBL573934,COc1ccc(-c2ccc(S(=O)(=O)c3ccccc3C(=O)NO)cc2)cc1,,5.886056647693163,0
514,CHEMBL2440430,O=P(O)(O)C(Nc1ccc(Oc2ccccc2)cc1)P(=O)(O)O,,4.366531544420414,0
515,CHEMBL572982,O=C(O)CC(O)CCc1ccc(-c2ccccc2)cc1,,4.388264276988569,0
516,CHEMBL1914702,[N-]=[N+]=NCc1cc(N=[N+]=[N-])cc(C(=O)Nc2ccc(-c3cc(C(=O)NCCCCCCC(=O)NO)no3)cc2)c1,,5.0301183562535,0
517,CHEMBL550081,CSc1ccc(-c2ccc(S(=O)(=O)N(CC(=O)NO)OC(C)C)cc2)cc1,,6.494850021680094,0
518,CHEMBL208841,CC#CCOc1ccc(S(=O)(=O)CC2(C(=O)NO)CCN(C(=O)CN3CCOCC3)CC2)cc1,,5.681936665037238,0
519,CHEMBL1784353,Cc1noc(C)c1CCC1CCN(S(=O)(=O)CC2(N(O)C=O)CCCCC2)CC1,<,5.1249387366083,0
520,CHEMBL4169179,CNC(=O)[C@@H](NC(=O)c1ccc(-c2ccc(CSc3nc4scc(C)c4c(=O)[nH]3)c(F)c2)o1)C(C)C,<,5.301029995663981,0
521,CHEMBL3104658,CCCC1S/C(=C/c2nc3ccccc3[nH]2)NC1=O,,5.366531544420414,0
522,CHEMBL1083932,O=C(NO)C1(S(=O)(=O)c2ccc(N3CCC(c4ccccc4)CC3)cc2)CCOCC1,<,5.0,0
523,CHEMBL1767007,C[C@@H]1[C@H](c2ccccc2)[C@]1(NS(=O)(=O)N1CCn2c(nc3cc(C#N)ccc32)C1)C(=O)O,,5.309803919971486,0
524,CHEMBL1090035,COc1ccc(S(=O)(=O)N(OC(C)C)[C@@H](C(=O)NO)C(C)C)cc1,,6.619788758288394,0
525,CHEMBL3827615,O=C(CC[C@H](NS(=O)(=O)c1ccc(-c2ccccc2)cc1)C(=O)O)NC1CCCCC1,,5.61852390972497,0
526,CHEMBL1683449,C[C@@H](C[C@@](C)(CS(=O)(=O)N1CCC(CCc2ccc(C(F)(F)F)cc2Cl)CC1)N(O)C=O)c1ncc(F)cn1,,6.045757490560675,0
527,CHEMBL250094,CC#CCOc1ccc(S(=O)(=O)CC2(C(=O)NO)CCCN(C(=O)OCC)C2)cc1,,5.128427064454121,0
528,CHEMBL2326365,O=C(O)Cc1ccccc1S(=O)(=O)c1ccc(-c2ccc(NC(=O)CF)cc2)cc1,,5.337242168318426,0
529,CHEMBL4172976,CNC(=O)[C@@H](NC(=O)c1ccc(-c2ccc(CSc3ncc(F)c(=O)[nH]3)c(F)c2)o1)C(C)C,<,5.301029995663981,0
530,CHEMBL1801393,O=C(NO)C1(S(=O)(=O)c2ccc(Oc3ccc(OC(F)(F)F)cc3)cc2)CCN(Cc2cccnc2)CC1,,8.431798275933005,1
531,CHEMBL1766910,CCC1CN(S(=O)(=O)N[C@@]2(C(=O)O)[C@H](C)[C@@H]2c2ccccc2)CCN1c1ccc(Cl)cc1,<,5.0,0
532,CHEMBL4165747,CC(C)[C@@H](NC(=O)c1ccc(-c2ccc(CSc3nc4c(c(=O)[nH]3)CCC4)cc2)o1)C(=O)NC[C@@H](O)CO,<,5.301029995663981,0
533,CHEMBL199241,COc1c(I)ccc2oc(C(=O)Nc3ccc(-c4ccc(S(=O)(=O)N[C@H](C(=O)O)C(C)C)cc4)cc3)c(C)c12,,4.521439352535898,0
534,CHEMBL1766922,C[C@@H]1[C@H](c2ccccc2)[C@]1(NS(=O)(=O)N1CCn2c(cc3cc(Cl)sc32)C1)C(=O)O,,5.638272163982407,0
535,CHEMBL202875,CCC(CC(=O)O)C(=O)c1ccc(C#Cc2ccccc2)cc1,,4.51427857351842,0
536,CHEMBL1801413,C#CCN1CCC(C(=O)NO)(S(=O)(=O)c2ccc(Oc3ccc(C(C)C)cc3)cc2)CC1,,7.268411234813262,1
537,CHEMBL403647,CCOCCC1(Oc2ccc(Oc3ccccc3Cl)cc2)C(=O)NC(=O)NC1=O,,6.2900011719748115,0
538,CHEMBL3944931,CC(C)[C@H](C(=O)NO)N(CCNC(=O)c1cccc(C(=O)NCCN([C@@H](C(=O)N(C)C)C(C)C)S(=O)(=O)c2ccc(-c3ccccc3)cc2)c1)S(=O)(=O)c1ccc(-c2ccccc2)cc1,,6.045757490560675,0
539,CHEMBL567341,CCn1cnc2c(Nc3cc(F)cc(F)c3)nc(C#N)nc21,,4.1399999760652255,0
540,CHEMBL567893,COC(=O)[C@@H]1CCCN1C(=O)[C@@H](Cc1ccccc1)N(C)C(=O)[C@H](C)NC(=O)[C@@H](NC(=O)C[C@H](O)[C@H](CC(C)C)NC(=O)[C@H](CC(N)=O)NC(=O)[C@H](CC(C)C)NC(=O)[C@H](OC(=O)[C@@H](OC(=O)[C@H](C(C)C)N(C)C)C(C)C)C(C)C)[C@@H](C)O,,5.301029995663981,0
541,CHEMBL43152,CC(C)[C@H](NS(=O)(=O)c1ccc(-c2ccc(Br)cc2)cc1)C(=O)O,,6.619788758288394,0
542,CHEMBL2431019,O=C(CNS(=O)(=O)c1ccc(OCc2cccc3cccnc23)cc1)NO,,3.9208187539523753,0
543,CHEMBL4097165,O=C1NC(=O)[C@](CNC(=O)c2cc3cc(C(F)(F)F)ccc3o2)(C2CC2)N1,,5.119186407719209,0
544,CHEMBL497772,COc1c(Br)ccc2oc(COc3ccc(-c4ccc(S(=O)(=O)N[C@@H](C(=O)O)C(C)C)cc4)cc3)c(C)c12,,5.301029995663981,0
545,CHEMBL236573,CC#CCNc1ccc(S(=O)(=O)CC2(C(=O)NO)CCN(C(=O)OC(C)(C)C)CC2)cc1,,5.6252516539898965,0
546,CHEMBL3617407,COc1ccc(-c2ccc(S(=O)(=O)N(OC(C)C)[C@H](CCN3C(=O)c4ccccc4C3=O)C(=O)NO)cc2)cc1,,8.4089353929735,1
547,CHEMBL1084221,O=C(NO)C1(S(=O)(=O)c2ccc(N3CCC(c4ccc(Cl)cc4)CC3)cc2)CCOCC1,<,5.0,0
548,CHEMBL1767009,COc1ccc2c(c1)nc1n2CCN(S(=O)(=O)N[C@@]2(C(=O)O)[C@H](C)[C@@H]2c2ccccc2)C1,,5.366531544420414,0
549,CHEMBL4164482,CNC(=O)[C@@H](NC(=O)c1csc(-c2ccc(CSc3nc4c(c(=O)[nH]3)CCC4)nc2)n1)C(C)C,<,5.301029995663981,0
550,CHEMBL424130,O=C(NO)C1c2ccc(O)cc2CCN1S(=O)(=O)c1cc(Cl)ccc1Cl,,5.336016545391733,0
551,CHEMBL226852,O=C(C[C@@H](CCCC1CCCCC1)c1nc(-c2c[nH]c(=O)[nH]c2=O)no1)NO,<,4.0,0
552,CHEMBL3980860,O=C1NC(=O)[C@](CNC(=O)[C@@H](Cc2ccc(C(F)(F)F)cc2)C2CC2)(C2CC2)N1,,4.301029995663981,0
553,CHEMBL3827250,CCCCNC(=O)CC[C@H](NS(=O)(=O)c1ccc(-c2ccccc2)cc1)C(=O)O,,5.33357562748124,0
554,CHEMBL2440433,O=P(O)(O)C(Nc1ccc(Cl)c(Cl)c1)P(=O)(O)O,,4.698970004336019,0
555,CHEMBL1801417,CC(C)Oc1ccc(Oc2ccc(S(=O)(=O)C3(C(=O)NO)CCN(C4CC4)CC3)cc2)cc1,,7.876148359032914,1
556,CHEMBL148171,COc1cc2c(cc1O)CCN(S(=O)(=O)c1ccccc1)C2C(=O)NO,,6.06198090252379,0
557,CHEMBL523034,COC(=O)Nc1ccc2oc3cc(S(=O)(=O)N[C@H](C(=O)O)C(C)C)ccc3c2c1,,5.958607314841775,0
558,CHEMBL228187,CC(C)[C@H](NS(=O)(=O)c1ccc(-c2cccc(F)c2)cc1)P(=O)(O)O,,6.7447274948966935,0
559,CHEMBL3359091,COc1cccc(CNC(=O)c2nc3ccc(F)c(OCCc4ccc(C(=O)O)cc4)c3c(=O)[nH]2)c1,<,5.0,0
560,CHEMBL4168477,CC(C)[C@H](NC(=O)c1ccc(-c2ccc(CSc3nc4c(c(=O)[nH]3)CCC4)cc2)o1)C(=O)NCCN,<,5.301029995663981,0
561,CHEMBL4214626,COc1ccc(-c2ccc(S(=O)(=O)c3ccccc3C3CCC(=O)N(O)C3=O)cc2)cc1,,5.3979400086720375,0
562,CHEMBL1784358,Cc1cc(Cl)ccc1CCC1CCN(S(=O)(=O)CC2(N(O)C=O)CCOCC2)CC1,<,5.0,0
563,CHEMBL187092,C[C@@]1(O)CCCN(S(=O)(=O)c2ccc(OCc3ccc(F)cc3Cl)cc2)[C@H]1C(=O)NO,,6.909579796504187,0
564,CHEMBL1784347,Cc1noc(C)c1CCC1CCN(S(=O)(=O)CC2(N(O)C=O)CCS(=O)(=O)CC2)CC1,<,5.0,0
565,CHEMBL2409690,C[C@]1(CS(=O)(=O)N2CCC(Oc3ccc(OCc4cccnc4)cc3)CC2)NC(=O)NC1=O,,5.892111974817201,0
566,CHEMBL1766899,COc1cnn(-c2ccc(S(=O)(=O)N[C@@]3(C(=O)O)[C@H](C)[C@@H]3c3ccccc3)s2)c1,,8.886056647693163,1
567,CHEMBL1771212,COCCN1CCC(C(=O)NO)(S(=O)(=O)c2ccc(Oc3ccc(OC(F)(F)F)cc3)cc2)CC1,,7.886056647693163,1
568,CHEMBL250266,COC[C@@H](NC(=O)[C@@H](NC(=O)[C@H](CCCc1ccc(-c2ccccc2)c(C)c1)CC(=O)O)C(C)(C)C)c1ccccc1,,4.174573882232177,0
569,CHEMBL556645,Cc1c(C(=O)Nc2ccc(-c3ccc(S(=O)(=O)N[C@H](C(=O)O)C(C)C)cc3)cc2)oc2cccc(C#N)c12,,5.2636034977233574,0
570,CHEMBL250093,CC#CCOc1ccc(S(=O)(=O)CC2(C(=O)NO)CCCN(C(=O)OC)C2)cc1,,5.46344155742847,0
571,CHEMBL1083322,O=C(NO)C1(S(=O)(=O)c2ccc(N3CCC(c4ccccc4O)CC3)cc2)CCOCC1,<,5.0,0
572,CHEMBL1939864,CCNC(=O)c1cc2cc(C(N)=O)ccc2[nH]1,<,3.3010299956639813,0
573,CHEMBL2409685,C[C@]1(CS(=O)(=O)N2CCC(Oc3ccc(OCc4cccc(C#N)c4)cc3)CC2)NC(=O)NC1=O,,6.0385789059335515,0
574,CHEMBL194377,CCc1ccc2oc(C(=O)Nc3ccc(-c4ccc(S(=O)(=O)N[C@H](C(=O)O)C(C)C)cc4)cc3)c(C)c2c1OC,,4.521439352535898,0
575,CHEMBL2409686,COc1ccc(COc2ccc(OC3CCN(S(=O)(=O)C[C@@]4(C)NC(=O)NC4=O)CC3)cc2)cc1,,5.966576244513051,0
576,CHEMBL3617406,CC(=O)NCC[C@H](C(=O)NO)N(OC(C)C)S(=O)(=O)c1ccccc1,,5.259637310505756,0
577,CHEMBL1784361,Cc1ccncc1CCC1CCN(S(=O)(=O)CC2(N(O)C=O)CCOCC2)CC1,<,5.142667503568732,0
578,CHEMBL576762,C[S+]([O-])c1ccc(Oc2ccc(S(=O)(=O)c3ccccc3C(=O)NO)cc2)cc1,,3.9208187539523753,0
579,CHEMBL1350,O=P(O)(O)C(Sc1ccc(Cl)cc1)P(=O)(O)O,,4.515700160653214,0
580,CHEMBL1683457,Cc1ccc(C)c(CCC2CCN(S(=O)(=O)C[C@](C)(C[C@H](C)c3ncc(F)cn3)N(O)C=O)CC2)c1,,5.376750709602099,0
581,CHEMBL1766905,C[C@@H]1[C@H](c2ccccc2)[C@]1(NS(=O)(=O)c1cc2[nH]c3ccc(F)cc3c2s1)C(=O)O,,7.6020599913279625,1
582,CHEMBL471537,CC(C)[C@H](C(=O)NO)N(CC(=O)NCCc1ccc(S(N)(=O)=O)cc1)S(=O)(=O)c1ccc(Oc2ccccc2)cc1,,9.494850021680094,1
583,CHEMBL252664,CCOCCC1(Oc2ccc(Oc3ccc(C(C)(C)C)cc3)cc2)C(=O)NC(=O)NC1=O,,5.169999984192581,0
584,CHEMBL2409677,C[C@]1(CS(=O)(=O)N2CCN(c3ncc(OCc4cnc(C#N)s4)cn3)CC2)NC(=O)NC1=O,<,5.0,0
585,CHEMBL2448145,C[C@@H]1CN(S(=O)(=O)N[C@@]2(C(=O)O)[C@H](C)[C@@H]2c2ccccc2)CCN1c1ccc(C2CC2)cc1,,5.853871964321762,0
586,CHEMBL514336,CNC(=O)[C@H](Cc1c[nH]c2ccccc12)NC(=O)[C@@H](CC(=O)NNS(C)(=O)=O)CC(C)C,,5.431798275933005,0
587,CHEMBL2337691,O=C(CNS(=O)(=O)c1ccc(OCc2ccccc2)cc1)NO,,6.508638306165727,0
588,CHEMBL252665,CCOCCC1(Oc2ccc(Oc3ccc(OC)cc3)cc2)C(=O)NC(=O)NC1=O,,6.659992382003327,0
589,CHEMBL550628,CCCCc1ccc(C#Cc2ccc(S(=O)(=O)N(CC(=O)NO)OC(C)C)s2)cc1,,4.958607314841775,0
590,CHEMBL2440435,O=P(O)(O)C(Nc1cccc(C(F)(F)F)c1)P(=O)(O)O,<,4.0,0
591,CHEMBL1784351,Cc1noc(C)c1CCC1CCN(S(=O)(=O)CC2(N(O)C=O)CCN(C)CC2)CC1,<,5.0,0
592,CHEMBL1927187,COc1ccc(-c2cs/c(=N\c3ccccc3)n2/N=C/c2ccccc2)cc1OC,,3.8239087409443187,0
593,CHEMBL575881,CC(C)ON([C@@H](C(=O)O)C(C)C)S(=O)(=O)c1ccc(-c2ccccc2)cc1,,5.0,0
594,CHEMBL497908,CC#CCOc1ccc(S(=O)(=O)NC(Cc2c[nH]c3ccc(OC)cc23)C(=O)O)cc1,,4.684029654543083,0
595,CHEMBL4161070,CNC(=O)[C@@H](NC(=O)c1coc(-c2ccc(CSc3nc4c(c(=O)[nH]3)CCC4)cc2)n1)C(C)C,<,5.301029995663981,0
596,CHEMBL3827453,CCCCCCNC(=O)CC[C@H](NS(=O)(=O)c1ccc(-c2ccccc2)cc1)C(=O)O,,6.09312646527793,0
597,CHEMBL189666,CC(C)[C@H](NS(=O)(=O)c1ccc(-c2ccc(NC(=O)c3cc4ccccc4[nH]3)cc2)cc1)C(=O)O,,5.251811972993799,0
598,CHEMBL3358157,Cn1nccc1[C@]1(CNC(=O)c2cc3cc(Cl)ccc3o2)NC(=O)NC1=O,,5.0655015487564325,0
599,CHEMBL1784364,Cc1cccnc1CCC1CCN(S(=O)(=O)CC2(N(O)C=O)CCOCC2)CC1,,5.5376020021010435,0
600,CHEMBL1766915,C[C@@H]1CN(S(=O)(=O)N[C@@]2(C(=O)O)[C@H](C)[C@@H]2c2ccccc2)CCN1c1ccc(C#N)s1,,5.221848749616356,0
601,CHEMBL474723,CNC(=O)[C@H](Cc1c[nH]c2ccccc12)NC(=O)[C@@H](CC(=O)NNS(=O)(=O)c1ccc(Cl)cc1)CC(C)C,,6.721246399047171,0
602,CHEMBL1090283,O=C(CNS(=O)(=O)c1ccc(Br)cc1)NO,,6.443697499232713,0
603,CHEMBL1767004,C[C@@H]1[C@H](c2ccccc2)[C@]1(NS(=O)(=O)N1CCn2c(nc3ccccc32)C1)C(=O)O,,5.657577319177793,0
604,CHEMBL573935,O=C(O)Cc1ccccc1S(=O)(=O)c1ccc(-c2ccccc2)cc1,,5.267606240177032,0
605,CHEMBL3827640,CC(C)CNC(=O)CC[C@H](NS(=O)(=O)c1ccc(-c2ccccc2)cc1)C(=O)O,,5.055270639696705,0
606,CHEMBL1085257,COCCN1CCC(C(=O)NO)(S(=O)(=O)c2ccc(N3CCC(C(=O)Nc4ccccc4)CC3)cc2)CC1,,5.0,0
607,CHEMBL364185,COc1cccc2cc(C(=O)Nc3ccc(-c4ccc(S(=O)(=O)N[C@H](C(=O)O)C(C)C)cc4)cc3)oc12,,4.962573502059376,0
608,CHEMBL1940312,CNC(=O)N1CCC(NC(=O)c2ccc(Oc3ccc(C#C[C@]4(O)CN5CCC4CC5)cc3)cc2)CC1,<,5.0,0
609,CHEMBL1801423,O=C(NO)C1(S(=O)(=O)c2ccc(Oc3ccc4c(c3)OCCO4)cc2)CCN(C2CC2)CC1,,7.306273051076353,1
610,CHEMBL1784344,Cc1noc(C)c1CCC1CCN(S(=O)(=O)CC2(N(O)C=O)CCCCCC2)CC1,<,5.0,0
611,CHEMBL502079,CCCCCCCCCCCCCCCCS(=O)(=O)NNC(=O)C[C@@H](CC(C)C)C(=O)N[C@@H](Cc1c[nH]c2ccccc12)C(=O)NC,,5.292429823902063,0
612,CHEMBL1683459,Cc1cnc(C)c(CCC2CCN(S(=O)(=O)C[C@](C)(C[C@H](C)c3ncc(F)cn3)N(O)C=O)CC2)c1,<,5.096910013008056,0
613,CHEMBL471536,CNC(=O)[C@H](Cc1c[nH]c2ccccc12)NC(=O)[C@@H](CC(=O)NNc1ccc([N+](=O)[O-])cc1[N+](=O)[O-])CC(C)C,<,5.0,0
614,CHEMBL2409674,Cc1cc(COc2cnc(N3CCN(S(=O)(=O)C[C@@]4(C)NC(=O)NC4=O)CC3)nc2)on1,<,4.0,0
615,CHEMBL4587825,Cc1cnc([C@]2(CNC(=O)c3cc4cc(Cl)ccc4o3)NC(=O)NC2=O)n1C,,4.585026652029182,0
616,CHEMBL1927184,O=C(O)CCCN1C(=O)S/C(=C\C=C\c2ccccc2)C1=O,,4.6777807052660805,0
617,CHEMBL4098541,CNC(=O)[C@H](NC(=O)c1ccc(-c2ccc(CSc3nc4c(c(=O)[nH]3)CCC4)c(F)c2)o1)C(C)C,<,5.301029995663981,0
618,CHEMBL399097,CC#CCOc1ccc(S(=O)(=O)CC2(C(=O)NO)CCCN(C(=O)c3ccccc3)C2)cc1,,5.247951552180561,0
619,CHEMBL1767005,C[C@@H]1[C@H](c2ccccc2)[C@]1(NS(=O)(=O)N1CCn2c(nc3cc(F)ccc32)C1)C(=O)O,,5.958607314841775,0
620,CHEMBL1957604,O=C(NO)[C@@H]1C[S+]([O-])CN1S(=O)(=O)c1ccc(-c2ccccc2)cc1,,6.795880017344075,0
621,CHEMBL2153260,Nc1nc2c(-c3ccco3)nccc2[nH]1,,8.494850021680094,1
622,CHEMBL1767014,C[C@H]1[C@@](NS(=O)(=O)N2CCc3c(nc4cc(F)ccn34)C2)(C(=O)O)[C@@]1(C)c1ccccc1,<,5.0,0
623,CHEMBL1939862,CCOC(=O)c1cc2cc(C(N)=O)ccc2[nH]1,<,3.3010299956639813,0
624,CHEMBL372405,Cc1c(COc2ccc(-c3ccc(S(=O)(=O)N[C@H](Cc4ccccc4)C(=O)O)cc3)cc2)oc2ccccc12,,5.522878745280337,0
625,CHEMBL2431016,O=C(CNS(=O)(=O)c1ccc(OCc2cccc(F)c2)cc1)NO,,6.026872146400302,0
626,CHEMBL1078281,C[C@@H]1[C@H](c2ccccc2)[C@]1(NS(=O)(=O)c1ccc(-n2cc(Cl)cn2)s1)C(=O)O,,8.468521082957745,1
627,CHEMBL3978380,O=C(NCc1cccc(-c2ccc(CS(=O)(=O)Cc3n[nH]c(=O)[nH]3)cc2)c1)c1nc2ccccc2c(=O)[nH]1,<,5.0,0
628,CHEMBL574589,O=C(NO)c1ccccc1S(=O)(=O)c1ccc(-c2ccccc2)cc1,,5.080921907623926,0
629,CHEMBL450721,COc1ccc(S(=O)(=O)N(CC(=O)O)[C@@H](C(=O)NO)C(C)C)cc1,,6.452225294612178,0
630,CHEMBL2409678,CCCOc1ccc(OC2CCN(S(=O)(=O)C[C@@]3(C)NC(=O)NC3=O)CC2)cc1,<,5.0,0
631,CHEMBL1801422,O=C(NO)C1(S(=O)(=O)c2ccc(Oc3ccc4c(c3)OCO4)cc2)CCN(C2CC2)CC1,,9.136677139879545,1
632,CHEMBL4169495,CNC(=O)[C@@H](NC(=O)c1ccc(-c2ccc(CSc3nc4c(c(=O)[nH]3)CCC4)c(F)c2)o1)C(C)(C)C,<,5.301029995663981,0
633,CHEMBL1766917,C[C@@H]1CN(S(=O)(=O)N[C@@]2(C(=O)O)[C@H](C)[C@@H]2c2ccccc2)CCN1c1cc(C(C)(F)F)on1,,5.958607314841775,0
634,CHEMBL4208519,Cc1cc(COc2ccc(S(=O)(=O)N(C)C3(C(=O)NO)CN(C(=O)CC(C)C)C3)cc2)c2ccccc2n1,,5.356547323513812,0
635,CHEMBL3827162,CCCCCNC(=O)CC[C@H](NS(=O)(=O)c1ccc(-c2ccccc2)cc1)C(=O)O,,6.0,0
636,CHEMBL1084220,COc1ccccc1C1CCN(c2ccc(S(=O)(=O)C3(C(=O)NO)CCOCC3)cc2)CC1,<,5.0,0
637,CHEMBL1801431,O=C(NO)C1(S(=O)(=O)c2ccc(Oc3ccc(OC(F)(F)F)cc3)cc2)CCN(Cc2ccccn2)CC1,,8.387216143280265,1
638,CHEMBL3827680,O=C(CC[C@H](NS(=O)(=O)c1ccc(-c2ccccc2)cc1)C(=O)O)NCc1cc(C(F)(F)F)cc(C(F)(F)F)c1,,5.199901819825224,0
639,CHEMBL2409708,C[C@]1(CS(=O)(=O)N2CCC(Oc3ccc(OC(F)(F)C(F)(F)F)cc3)CC2)NC(=O)NC1=O,<,5.0,0
640,CHEMBL2431022,CN(CC(=O)NO)S(=O)(=O)c1ccc(OCc2cc(Br)cc(Br)c2)cc1,,3.910094888560602,0
641,CHEMBL2326363,O=C(O)Cc1ccccc1S(=O)(=O)c1ccc(-c2ccc(OCCF)cc2)cc1,,5.795880017344075,0
642,CHEMBL211487,CC#CCOc1ccc(S(=O)(=O)CC2(C(=O)NO)CCN(C(=O)CCC)CC2)cc1,,6.139661993429006,0
643,CHEMBL1092104,O=C(NO)[C@@H](CCN1C(=O)c2ccccc2C1=O)NS(=O)(=O)c1ccc(Br)cc1,,9.045757490560675,1
644,CHEMBL4162222,CNC(=O)[C@H](NC(=O)c1ccc(-c2ccc(CSc3nc4c(c(=O)[nH]3)CCC4)c(F)c2)o1)C(C)(C)C,<,5.301029995663981,0
645,CHEMBL211726,CC#CCOc1ccc(S(=O)(=O)CC2(C(=O)NO)CCN(C(=O)c3ccccc3C)CC2)cc1,,6.311580177997289,0
646,CHEMBL575895,COc1ccc(S(=O)(=O)c2ccccc2C(=O)NO)cc1,,4.6020599913279625,0
647,CHEMBL1927186,COc1ccc(-c2ccc(/C=C3/SC(=S)N(CC(=O)O)C3=O)o2)cc1,,3.5086383061657274,0
648,CHEMBL3617403,CC(C)ON([C@H](CCNC(=O)Cc1ccccc1)C(=O)NO)S(=O)(=O)c1ccc(-c2ccccc2)cc1,,7.0915149811213505,1
649,CHEMBL1082318,Cc1cccc(N2CCN(C(=O)C3CCN(c4ccc(S(=O)(=O)C5(C(=O)NO)CCN(C6CC6)CC5)cc4)CC3)CC2)c1C,<,5.0,0
650,CHEMBL4171334,CNC(=O)[C@@H](NC(=O)c1ccc(-c2ccc(CSc3nc(C(F)(F)F)cc(=O)[nH]3)c(F)c2)o1)C(C)C,<,5.301029995663981,0
651,CHEMBL1939870,CCOC(=O)c1cc2cc(-c3ccncc3)ccc2[nH]1,,3.6478174818886373,0
652,CHEMBL293479,O=P(O)(O)C(Nc1ccc(-c2ccccc2)cc1)P(=O)(O)O,,4.474955192963154,0
653,CHEMBL146718,Cc1ccc(S(=O)(=O)N2CCc3cc(OCc4ccccc4)ccc3C2C(=O)NO)cc1,,7.2076083105017466,1
654,CHEMBL573936,COc1ccc(-c2ccc(S(=O)(=O)c3ccccc3CC(=O)O)cc2)cc1,,6.130768280269024,0
655,CHEMBL237468,CC#CCNc1ccc(S(=O)(=O)CC2(C(=O)NO)CCN(Cc3ccncc3)CC2)cc1,,5.364516253185088,0
656,CHEMBL1795862,CCCCc1ccc(C#Cc2ccc(S(=O)(=O)N3Cc4ccccc4C[C@@H]3C(=O)NO)s2)cc1,,6.950781977329818,0
657,CHEMBL1940315,O=C(NC1CCCS(=O)(=O)C1)c1ccc(Oc2ccc(C#C[C@]3(O)CN4CCC3CC4)cc2)cc1,<,5.0,0
658,CHEMBL2409689,C[C@]1(CS(=O)(=O)N2CCC(Oc3ccc(OCc4ccncc4)cc3)CC2)NC(=O)NC1=O,,6.346787486224656,0
659,CHEMBL1082370,O=C(NO)C1(S(=O)(=O)c2ccc(N3CCC(c4cccc5ccccc45)CC3)cc2)CCOCC1,<,5.0,0
660,CHEMBL1801050,O=C(NO)C1(S(=O)(=O)c2ccc(Oc3ccc(-c4ccccc4)cc3)cc2)CCOCC1,,7.698970004336019,1
661,CHEMBL404716,CCOCCC1(Oc2ccc(Oc3ccc(C(=O)N(C)C)cc3)cc2)C(=O)NC(=O)NC1=O,,5.030000139977383,0
662,CHEMBL379763,CC#CCOc1ccc(S(=O)(=O)CC2(C(=O)NO)CCN(S(=O)(=O)CCCC)CC2)cc1,,5.860120913598763,0
663,CHEMBL1683462,C[C@@H](C[C@@](C)(CS(=O)(=O)N1CCC(CCc2ncc(C(F)(F)F)cc2Cl)CC1)N(O)C=O)c1ncc(F)cn1,<,4.7447274948966935,0
664,CHEMBL1801048,O=C(NO)C1(S(=O)(=O)c2ccc(Oc3ccc(O)cc3)cc2)CCOCC1,,8.767003889607846,1
665,CHEMBL83508,COc1ccc(S(=O)(=O)NCC(=O)NO)cc1,,6.6777807052660805,0
666,CHEMBL4100008,O=c1[nH]c(SCc2ccc(-c3ccc(S(=O)(=O)NCCO)cc3)cc2)nc2c1CCC2,<,5.0,0
667,CHEMBL1766904,C[C@@H]1[C@H](c2ccccc2)[C@]1(NS(=O)(=O)c1cc2[nH]c3cc(F)ccc3c2s1)C(=O)O,,8.096910013008056,1
