Ambit_InchiKey,Original_Entry_ID,Entrez_ID,Activity_Flag,pXC50,DB,Original_Assay_ID,Tax_ID,Gene_Symbol,Ortholog_Group,SMILES
ADOMAKAQJWEGKL-KZZMUEETNA-N,CHEMBL156406,4321,A,6.54,chembl20,556874,9606,MMP12,2675,C=1(O)NC(=C(N1)C2=CC=CC=C2)O
GFVKZZMYMLKXSG-UHFFFAOYNA-N,CHEMBL503690,4321,N,3.0,chembl20,556874,9606,MMP12,2675,C=1(Cl)C=C2C=3C(CSC2=CC1)=CN(N3)C
IGTOOKSKMAGIMJ-XWKXFZRBNA-N,CHEMBL254837,4321,N,4.15,chembl20,459971,9606,MMP12,2675,C1=C(O)N=C(C(=O)OCC#CC)C=C1
QJUDBPJUUNCMKI-NDKGDYFDNA-N,CHEMBL404205,4321,N,3.84,chembl20,459971,9606,MMP12,2675,C=1C(S)=NC(C(=O)OC(C)C)=CC1
QTUCHEGSWFEUBW-WXRBYKJCNA-N,CHEMBL2385479,4321,A,7.21,chembl20,960929,9606,MMP12,2675,S(=O)(=O)(NCC(=NO)O)C1=CC=CC=C1
XQEVBXYFXXEMPD-WYUMXYHSNA-N,CHEMBL249859,4321,N,3.98,chembl20,459971,9606,MMP12,2675,C1=CC=C(C(=O)OCCCCCC)N=C1S
BHWDNGUMWIORDD-DLGLGFIGNA-N,45485482,4321,A,5.2993,pubchem,449027,9606,MMP12,2675,ClC=1NC(C=2NC=CC3=NC(=NC23)N)=CC1Cl
CGJLUFDUAXAIJE-NDKGDYFDNA-N,CHEMBL2385480,4321,A,7.64,chembl20,960929,9606,MMP12,2675,S(O)(O)(N=CC(=NO)O)=CCC1=CC=CC=C1
BYXJDCBFAJLZRZ-YHMJCDSINA-N,CHEMBL254838,4321,N,4.15,chembl20,459971,9606,MMP12,2675,C=1C=CC(C(=O)OC2CCCCC2)=NC1O
FHNKYBYJCSINOT-WYUMXYHSNA-N,CHEMBL442286,4321,N,4.06,chembl20,459971,9606,MMP12,2675,C1=CC=C(C(=O)OC2CCCCC2)N=C1S
KBSHVFMCGRPZOW-WXRBYKJCNA-N,CHEMBL2385491,4321,A,6.57,chembl20,960929,9606,MMP12,2675,S(O)(O)(N=CC(O)=O)=CCC=1SC(=CC1)Cl
IGVYCJWEGFBBOJ-XWKXFZRBNA-N,CHEMBL254821,4321,N,4.12,chembl20,459971,9606,MMP12,2675,C1=C(N=C(C(=O)OC2=CC=CO2)C=C1)O
JXNVCUFWCAJVAU-YHMJCDSINA-N,CHEMBL399999,4321,N,4.03,chembl20,459971,9606,MMP12,2675,C=1(C=CSC1)OC(C=2N=C(S)C=CC2)=O
IQEBGGZNLZZNHY-DLGLGFIGNA-N,10089677,4321,A,5.43652,pubchem,449027,9606,MMP12,2675,BrC=1NC(C=2NC=CC3=NC(=NC23)N)=CC1Br
NMJHXOZWEMYWQH-WXRBYKJCNA-N,CHEMBL445939,4321,N,4.17,chembl20,459971,9606,MMP12,2675,C1=C(O)N=C(C(=O)OC(C)C)C=C1
NZJFWCGEQFWBKH-XWKXFZRBNA-N,CHEMBL398838,4321,N,4.21,chembl20,459971,9606,MMP12,2675,C1=C(N=C(C(=O)OC2=CSC=C2)C=C1)O
OVOYEPCLDAOCHW-YAQRNVERNA-N,10565532,4321,A,7.85387,pubchem,109237,9606,MMP12,2675,S(O)(O)(=C1CCCCC1)=C(CCCC)CC(O)=NO
VLAXVZICOFTNBV-DLGLGFIGNA-N,44555419,4321,A,5.69465,pubchem,449027,9606,MMP12,2675,BrC=1C=C(NC1Cl)C=2NC=CC3=NC(=NC23)N
WDNYCRKXDHHDIK-NDKGDYFDNA-N,CHEMBL254627,4321,N,4.17,chembl20,459971,9606,MMP12,2675,C1=C(N=C(C(=O)OCC=C(C)C)C=C1)O
WIZJUQTZYUHMJA-NDKGDYFDNA-N,CHEMBL252326,4321,N,4.17,chembl20,459971,9606,MMP12,2675,C1=C(N=C(C(=O)OCCCCC)C=C1)O
VZXSYHPSVIVBDS-HCKMINDGNA-N,CHEMBL402720,4321,N,4.09,chembl20,459971,9606,MMP12,2675,C1=CC=C(N=C1S)C(=O)OCC2=CC=CC=C2
WLZISXXOYYGJNT-XWKXFZRBNA-N,CHEMBL83508,4321,A,7.7,chembl20,960929,9606,MMP12,2675,OC(=NO)CNS(=O)(=O)C1=CC=C(OC)C=C1
WNVJOHANJYWNRA-YGPBECBDNA-N,44555417,4321,A,5.90658,pubchem,449027,9606,MMP12,2675,BrC1=C(NC(Br)=C1Br)C=2NC=CC3=NC(=NC23)N
SUZXRAYQMOELIJ-XWKXFZRBNA-N,71817100,4321,A,8.22185,pubchem,748347,9606,MMP12,2675,ClC=1SC(CC=S(O)(O)N=CC(O)=NO)=CC1
SBJBAOFNJMFNBY-XWKXFZRBNA-N,CHEMBL251937,4321,N,4.29,chembl20,459971,9606,MMP12,2675,C1=C(O)N=C(C(=O)OC2CCC2)C=C1
XJIVZSXLPCWQJJ-YHMJCDSINA-N,CHEMBL394363,4321,N,4.36,chembl20,439791,9606,MMP12,2675,N1C(C2=NC=CC3=C2N=CN3)=CC(=C1Br)Br
YQZDMSWWISKFJU-XWKXFZRBNA-N,CHEMBL254039,4321,N,4.19,chembl20,459971,9606,MMP12,2675,C1=C(N=C(C(=O)OC=2SC=CC2)C=C1)O
ZQZVJUAJNUFNDE-YAQRNVERNA-N,CHEMBL399070,4321,N,4.16,chembl20,459971,9606,MMP12,2675,C=1C=CC(=NC1O)C(=O)OCC2=CC=CC=C2
BLOAUADPJKEVHV-GPQMBLKYNA-N,CHEMBL250057,4321,N,3.95,chembl20,459971,9606,MMP12,2675,C1=CC=C(N=C1S)C(=O)OCC2=CC=C(C=C2)F
GBDUKEUKPOMNDD-WYUMXYHSNA-N,CHEMBL399685,4321,N,4.17,chembl20,459971,9606,MMP12,2675,C1=C(N=C(C=C1)C(=O)OCC2=CC=CC=C2Cl)O
GAAIGFFCAWTRLA-QPJJXVBHNA-N,CHEMBL249249,4321,N,4.21,chembl20,459971,9606,MMP12,2675,C1=C(C=2OCCN2)N=NN1C/C=C/C3=CC=CC=C3
BNQIAXFYQJNTFD-WYUMXYHSNA-N,CHEMBL254240,4321,N,4.51,chembl20,459971,9606,MMP12,2675,C1=C(N=C(C=C1)C(=O)OCC2=CC=CC(=C2)Br)O
KLJYEYBMHJSUOJ-JLOFHYGUNA-N,CHEMBL569132,4321,A,5.69,chembl20,600205,9606,MMP12,2675,C1(=NC=CC=2NC(=NC21)N)C3=CC(=C(N3)Cl)Br
KGUKLAHWSIAZLA-LILDFLRNNA-N,CHEMBL250058,4321,N,3.9,chembl20,459971,9606,MMP12,2675,C1=CC=C(N=C1S)C(OCC2=C(C=CC=C2F)F)=O
KHCZZISCPQRODX-YAQRNVERNA-N,CHEMBL1632641,4321,A,7.4,chembl20,694547,9606,MMP12,2675,C=1C(=CC=C(C1)F)S(=O)(N(CCO)CC(=NO)O)=O
KHJPAHWJFVMVOE-YHMJCDSINA-N,CHEMBL2385482,4321,A,8.0,chembl20,960929,9606,MMP12,2675,S(O)(O)(N=CC(=NO)O)=CCC1=CC=C(C=C1)OC
MBMOJYHUZVXHPP-WYUMXYHSNA-N,CHEMBL253823,4321,N,4.34,chembl20,459971,9606,MMP12,2675,C1=C(N=C(C=C1)C(=O)OCC2=CC=CC(=C2)Cl)O
HLKJVILSXJCTNG-WYUMXYHSNA-N,CHEMBL255051,4321,N,4.17,chembl20,459971,9606,MMP12,2675,C1=C(N=C(C=C1)C(=O)OCCC2=CC=CC=C2)O
QAKGJAQGTQLMFN-IHUULYKJNA-N,CHEMBL230806,4321,A,5.44,chembl20,600205,9606,MMP12,2675,C1(C2=CC(=C(N2)Br)Br)=C3NC(=NC3=CC=N1)N
OHJOCHBVYDYTJP-GPQMBLKYNA-N,CHEMBL254611,4321,N,3.82,chembl20,459971,9606,MMP12,2675,C1=CC=C(N=C1S)C(=O)OCC2=CC=CC(=C2)F
NQVJMMFATZALSN-YHMJCDSINA-N,71817098,4321,A,7.82391,pubchem,748347,9606,MMP12,2675,S(O)(O)(N=CC(O)=NO)=CCC1=CC=2OCOC2C=C1
QHNITERHCRUTKV-LILDFLRNNA-N,CHEMBL254406,4321,N,4.11,chembl20,459971,9606,MMP12,2675,C1=CC=C(N=C1S)C(OCC2=CC=CC(=C2)OC)=O
QVRJRYHVBGRHKO-YGPBECBDNA-N,CHEMBL394362,4321,N,4.24,chembl20,439791,9606,MMP12,2675,N1C(=C(C=C1C2=NC=CC3=C2N=C(N3C)N)Br)Br
RQUBDDXSSKDSJC-WYUMXYHSNA-N,CHEMBL398892,4321,N,4.8,chembl20,459971,9606,MMP12,2675,C1=C(N=C(C=C1)C(=O)OCC2=CC=CC(=C2)F)O
KVPPTQZVYDXFBC-LILDFLRNNA-N,CHEMBL252523,4321,N,4.07,chembl20,459971,9606,MMP12,2675,C1=CC=C(N=C1S)C(OCCCC2=CC=CC=C2)=O
LFUDVVYPIHQPSG-JLOFHYGUNA-N,CHEMBL571072,4321,A,5.3,chembl20,600205,9606,MMP12,2675,C1(=NC=CC=2NC(=NC21)N)C3=CC(=C(N3)Cl)Cl
WZHYWMHDTQCLHR-LILDFLRNNA-N,CHEMBL400449,4321,N,4.77,chembl20,459971,9606,MMP12,2675,C1=CC=C(N=C1S)C(OCC2=CC(=CC=C2F)F)=O
VNCUHIXOCDBZGU-HCKMINDGNA-N,CHEMBL572980,4321,N,4.93,chembl20,592283,9606,MMP12,2675,C=1(C=CC(CCSCC(=O)O)=CC1)C2=CC=CC=C2
WBJXNPDPIGZKCD-OENXLSQZNA-N,CHEMBL395712,4321,N,4.98,chembl20,439791,9606,MMP12,2675,N1C(=C(C=C1C2=NC=CC3=C2N=C(N3)NC)Br)Br
WJAZWFDODWLPHA-WYUMXYHSNA-N,CHEMBL203199,4321,N,4.61,chembl20,330170,9606,MMP12,2675,C(O)(=O)CCC(C1=CC=C(C=C1)C#CCO)=O
XPTXINZCVRFJFR-GPQMBLKYNA-N,CHEMBL254404,4321,N,4.09,chembl20,459971,9606,MMP12,2675,C1=CC=C(N=C1S)C(=O)OCC2=CC=C(C=C2)C
XRTFXZGCGQXDQP-WYUMXYHSNA-N,CHEMBL254239,4321,N,4.36,chembl20,459971,9606,MMP12,2675,C1=C(N=C(C=C1)C(=O)OCC2=CC=CC=C2Br)O
XQYCYRMFAJBXHL-YGPBECBDNA-N,45485514,4321,A,5.2993,pubchem,449027,9606,MMP12,2675,BrC1=C(NC(Br)=C1C)C=2NC=CC3=NC(=NC23)N
XZZQGEUTXIQYSE-GPQMBLKYNA-N,CHEMBL251081,4321,N,3.94,chembl20,459971,9606,MMP12,2675,C1=CC=C(N=C1S)C(=O)OCC2=CC=C(C=C2)Cl
SWBRAZBBBQLMAI-YAQRNVERNA-N,CHEMBL485690,4321,N,2.3,chembl20,556874,9606,MMP12,2675,C=1C=C(C=C2CCC(NC21)=O)C=3N=C(SC3)C
VDMYYWJHHLSXLK-GPQMBLKYNA-N,CHEMBL252522,4321,N,3.93,chembl20,459971,9606,MMP12,2675,C1=CC=C(N=C1S)C(=O)OCCC2=CC=CC=C2
UFTZDZSQVAEJAG-WYUMXYHSNA-N,CHEMBL253373,4321,N,4.17,chembl20,459971,9606,MMP12,2675,C1=C(N=C(C=C1)C(=O)OCC2=CC=CC=C2F)O
ZISWMICBHCDCHP-GPQMBLKYNA-N,CHEMBL254403,4321,N,4.15,chembl20,459971,9606,MMP12,2675,C1=CC=C(N=C1S)C(=O)OCC2=CC=CC(=C2)C
YSTUWPYBTHJZLL-LILDFLRNNA-N,CHEMBL399908,4321,N,4.02,chembl20,459971,9606,MMP12,2675,C1=CC=C(N=C1S)C(OCC2=CC=C(C=C2)OC)=O
ZVHTVCVUCORTRG-CDZRGBSPNA-N,CHEMBL578176,4321,A,5.91,chembl20,600205,9606,MMP12,2675,C1(=NC=CC=2NC(N)=NC21)C3=C(C(=C(N3)Br)Br)Br
CXQWRCVTCMQVQX-UHFFFAOYNA-N,471,4321,A,5.24033,pubchem,670314,9606,MMP12,2675,O1C(C(O)C(=O)C=2C1=CC(O)=CC2O)C3=CC(O)=C(O)C=C3
GGTBYVPJZZRXTP-WYUMXYHSNA-N,CHEMBL254448,4321,N,3.98,chembl20,459971,9606,MMP12,2675,C1=C(N=C(C=C1)C(=O)OCC2=CC=C(C=C2)Br)O
LUIWBJOVQPJOKK-UYBDAZJANA-N,CHEMBL250059,4321,N,3.97,chembl20,459971,9606,MMP12,2675,C1=CC=C(N=C1S)C(OCC2=CC(=C(C=C2F)F)F)=O
CASVJRHAYOMAAA-WYUMXYHSNA-N,CHEMBL253172,4321,N,3.98,chembl20,459971,9606,MMP12,2675,C1=C(N=C(C=C1)C(OCC2=CC=C(C=C2)OC)=O)O
KPHDNQTWSWMHLI-UYBDAZJANA-N,CHEMBL251424,4321,N,4.0,chembl20,459971,9606,MMP12,2675,C1=CC=C(N=C1S)C(OC2=CC=C3C(=C2)C=CC=C3)=O
MEULEAFJINXPTC-WYUMXYHSNA-N,CHEMBL254238,4321,N,4.33,chembl20,459971,9606,MMP12,2675,C1=C(N=C(C=C1)C(=O)OCC2=CC=C(C=C2)Cl)O
IVGHGMHNUBCTDC-YAQRNVERNA-N,CHEMBL1234724,4321,A,8.12,chembl20,694547,9606,MMP12,2675,O=S(=O)(N(CC(O)=NO)CCO)C1=CC=C(C=C1)OC
ILGSIIFHQGOKKV-LILDFLRNNA-N,CHEMBL572982,4321,A,6.47,chembl20,592283,9606,MMP12,2675,C=1C=C(C=2C=CC(CCC(CC(=O)O)O)=CC2)C=CC1
JJPRJMIBECZYNN-QWOVJGMINA-N,CHEMBL373275,4321,N,4.9,chembl20,330170,9606,MMP12,2675,C(CCC(C=1C=CC(C#CCCCCCCCC)=CC1)=O)(O)=O
JINCVTOAYWQJTI-PKSOQXRJNA-N,CHEMBL254610,4321,N,4.11,chembl20,459971,9606,MMP12,2675,C1=CC=C(N=C1S)C(=O)OCCCCOC2=CC=CC=C2
JIRXORZYIXSWOB-WYUMXYHSNA-N,CHEMBL311932,4321,A,8.37,chembl20,694547,9606,MMP12,2675,C1=CC(=CC=C1S(=O)(=O)N(CC(C)C)CC(=NO)O)OC
HKAAGCIEBUZLMO-GPQMBLKYNA-N,CHEMBL398450,4321,N,4.25,chembl20,459971,9606,MMP12,2675,C1=C(O)N=C(C=C1)C(OCC2=CC(=C(C=C2F)F)F)=O
IQPNAANSBPBGFQ-UHFFFAOYNA-N,CHEMBL151,4321,A,6.01,chembl20,827437,9606,MMP12,2675,C1=2C(C=C(OC1=CC(=CC2O)O)C=3C=C(O)C(=CC3)O)=O
HDXADAWBGFXTBW-LILDFLRNNA-N,CHEMBL572979,4321,A,5.11,chembl20,592283,9606,MMP12,2675,C=1(C=CC(CCC(CC(=O)O)=O)=CC1)C2=CC=CC=C2
PSHVQWWEFGYODS-HCKMINDGNA-N,CHEMBL572947,4321,A,5.35,chembl20,592283,9606,MMP12,2675,C=1(C=CC(CCS(=CC(=O)O)O)=CC1)C2=CC=CC=C2
QQSFVIDGFAOBIT-WYUMXYHSNA-N,CHEMBL253374,4321,N,4.19,chembl20,459971,9606,MMP12,2675,C1=C(N=C(C=C1)C(=O)OCC2=CC=C(C=C2)F)O
NKGRTRASISLCCZ-HCKMINDGNA-N,CHEMBL550148,4321,A,8.7,chembl20,960929,9606,MMP12,2675,C=1C(=CC=C(C1)C2=CC=CC=C2)S(=O)(=O)NCC(O)=NO
TUUMURVUDGZZQZ-OTNALKNANA-N,CHEMBL2092878,4321,A,8.05,chembl20,106456,9606,MMP12,2675,S([C@H](CC(O)=NO)CCCC)(=O)(=O)C1=CC=CC=C1
MXFDANXBAJYGHL-WYUMXYHSNA-N,CHEMBL438519,4321,N,4.1,chembl20,459971,9606,MMP12,2675,C1=C(N=C(C=C1)C(OCCOC2=CC=CC=C2)=O)O
NQYVTZONPGFIAQ-GPQMBLKYNA-N,CHEMBL399504,4321,N,3.95,chembl20,459971,9606,MMP12,2675,C1=C(O)N=C(C=C1)C(OC2=CC=CC=3C2=CC=CC3)=O
LHAPHQLKKIRONO-HCKMINDGNA-N,CHEMBL399304,4321,N,4.0,chembl20,459971,9606,MMP12,2675,C1=C(N=C(C=C1)C(OCC2=CC(=CC=C2F)F)=O)O
KNRYOABLFLVDOM-HCKMINDGNA-N,CHEMBL399684,4321,N,4.7,chembl20,459971,9606,MMP12,2675,C1=C(N=C(C=C1)C(OCC2=CC(=CC(=C2)F)F)=O)O
TZHJNXZNYZBVDK-LILDFLRNNA-N,CHEMBL575534,4321,A,7.26,chembl20,592283,9606,MMP12,2675,C1=CC(C=2C=CC(CCC(CC(=O)O)O)=CC2)=CC=N1
WAUSDDFKSNPSDE-HCKMINDGNA-N,CHEMBL253375,4321,N,4.22,chembl20,459971,9606,MMP12,2675,C1=C(N=C(C=C1)C(OCC2=C(C=CC=C2F)F)=O)O
WLDFNVXUZOLFLV-WYUMXYHSNA-N,CHEMBL253801,4321,N,4.16,chembl20,459971,9606,MMP12,2675,C1=C(N=C(C=C1)C(=O)OCC2=CC=C(C=C2)C)O
UYVXUYVAIIWBSW-RLVKBXOXNA-N,7063077,4321,A,6.17263,pubchem,748347,9606,MMP12,2675,ClC=1SC(S(=O)(=O)N2[C@@H](CCC2)C(=O)O)=CC1
UXTIYMFTTMKCDA-PKSOQXRJNA-N,CHEMBL398662,4321,N,4.03,chembl20,459971,9606,MMP12,2675,C1=CC=C(N=C1S)C(=O)OCC2=CC=C(C=C2)C(F)(F)F
VBRCDYCWCJBWLE-CDZRGBSPNA-N,CHEMBL576710,4321,A,5.3,chembl20,600205,9606,MMP12,2675,C1(=NC=CC=2NC(N)=NC21)C3=C(C(=C(N3)Br)C)Br
YKGQQUOXWATGTB-LILDFLRNNA-N,CHEMBL1162966,4321,N,4.19,chembl20,459971,9606,MMP12,2675,N1=C(C=CC=C1O)C(OCC=2C=CC(=CC2)C(F)(F)F)=O
ZIAFXLGSGMQYPL-WYUMXYHSNA-N,CHEMBL1335679,4321,A,6.54,chembl20,879888,9606,MMP12,2675,S(=O)(=O)(NCC(O)=O)C1=CC=C(C=C1)C2=CC=CC=C2
ZFKSAPYYGSUEFY-WYUMXYHSNA-N,CHEMBL252965,4321,N,4.16,chembl20,459971,9606,MMP12,2675,C1=C(N=C(C=C1)C(OCC2=CC=CC(=C2)OC)=O)O
CFTFSLAYHNLDAY-GPQMBLKYNA-N,73353430,4321,A,8.1549,pubchem,748347,9606,MMP12,2675,S(O)(O)(N=CC(=O)O)=CCC1=CC=C(C=C1)C2=CC=CC=C2
ADDNOXMLFWHRHD-HCKMINDGNA-N,45483015,4321,A,5.6038,pubchem,441105,9606,MMP12,2675,S(O)(O)(=CCC1=CC=C(C=C1)C2=CC=CC=C2)=CC(=O)O
BZWDHUMJSSLVCR-WYUMXYHSNA-N,CHEMBL585376,4321,N,4.05,chembl20,591598,9606,MMP12,2675,C=1(C(=CC=CC1)S(C2=CC=C(C=C2)OC)(=O)=O)CC(O)=O
FBXFLSBLYSCCKI-GPQMBLKYNA-N,CHEMBL253188,4321,N,4.01,chembl20,459971,9606,MMP12,2675,C1=C(O)N=C(C=C1)C(OC=2C=CC3=C(C2)C=CC=C3)=O
KYPWLTXIHUQMGA-LILDFLRNNA-N,45482998,4321,A,5.45223,pubchem,441105,9606,MMP12,2675,O(C(CCC1=CC=C(C=C1)C2=CC=CC=C2)CC(=O)O)C
KHUYGJKVYSCEOH-LILDFLRNNA-N,CHEMBL254006,4321,N,4.09,chembl20,459971,9606,MMP12,2675,C1=C(O)N=C(C=C1)C(=O)OCC2=CC=CC(=C2)C(F)(F)F
KBKONNUEKRQXBR-MPIMZMORNA-N,CHEMBL251425,4321,N,3.87,chembl20,459971,9606,MMP12,2675,C1=CC=C(N=C1S)C(=O)OCC2=CC=C(C=C2)C3=CC=CC=C3
ITWGWXCEGHFMHT-HCKMINDGNA-N,44478926,4321,A,7.49485,pubchem,440420,9606,MMP12,2675,S(=O)(=O)(C=1C(CC(O)=NO)=CC=CC1)C2=CC=C(OC)C=C2
HWVLDNSMUHAKFF-LQFNOIFHNA-N,CHEMBL250069,4321,N,4.15,chembl20,459971,9606,MMP12,2675,C1=CC=C(N=C1S)C(=O)OCC2=CC=CC(=C2)OC3=CC=CC=C3
HQDIBKWVFVAFAT-PKSOQXRJNA-N,CHEMBL254405,4321,N,3.87,chembl20,459971,9606,MMP12,2675,C1=C(COC(C=2N=C(C=CC2)S)=O)C=C(C=C1)C(F)(F)F
YJKZJSXUMXIJNB-GTNTULIANA-N,CHEMBL2385492,4321,A,8.05,chembl20,960929,9606,MMP12,2675,[C@@H]1(N(CCC1)S(CCC=2SC(=CC2)Cl)(=O)=O)C(=NO)O
PQCTVEFWWXYXGC-BRYDHPKGNA-N,CHEMBL254657,4321,N,4.15,chembl20,459971,9606,MMP12,2675,C1=C(O)N=C(C=C1)C(OC/C=C/C2=CC=CC=C2)=O
OWGKRTPKHBGQCB-GPQMBLKYNA-N,CHEMBL253605,4321,N,4.51,chembl20,459971,9606,MMP12,2675,C1=C(O)N=C(C=C1)C(OCC2=C(C=C(C=C2F)F)F)=O
PCRITYAGTCCZEK-LBZSZPPHNA-N,CHEMBL1632639,4321,A,8.22,chembl20,694547,9606,MMP12,2675,C=1C(=CC=C(C1)OC)S(N[C@@H](C(=NO)O)CO)(=O)=O
QPFIKHZWPMXTRS-WYUMXYHSNA-N,CHEMBL575895,4321,N,4.85,chembl20,591598,9606,MMP12,2675,C1(=C(C=CC=C1)S(C2=CC=C(C=C2)OC)(=O)=O)C(O)=NO
QSVVRYPBRVSBDL-QWOVJGMINA-N,CHEMBL584559,4321,A,7.21,chembl20,592283,9606,MMP12,2675,C1=CC(C=2C=CC(CCC(CC(=O)O)O)=CC2)=CC=C1C(C)=O
OQWWYXZJKRAMIK-PKSOQXRJNA-N,CHEMBL202875,4321,A,6.32,chembl20,330170,9606,MMP12,2675,C(CC(C(C=1C=CC(C#CC2=CC=CC=C2)=CC1)=O)CC)(O)=O
MWFQVRDQNUNZLC-PKSOQXRJNA-N,45482997,4321,A,6.74232,pubchem,441105,9606,MMP12,2675,OC(CCC1=CC=C(C=2OC=3C(C2)=CC=CC3)C=C1)CC(=O)O
KUFQPJWHPFBJRV-MPIMZMORNA-N,CHEMBL251426,4321,N,4.28,chembl20,459971,9606,MMP12,2675,C1=CC=C(N=C1S)C(=O)OCC2=CC=CC(=C2)C3=CC=CC=C3
WILNYVYWCSPWAP-PKSOQXRJNA-N,CHEMBL574666,4321,A,5.47,chembl20,592283,9606,MMP12,2675,C=1(C=C(C=2C=CC(CCC(CC(=O)O)O)=CC2)C=CC1)C#N
XVLGIGXPBDHMCN-WYUMXYHSNA-N,CHEMBL253189,4321,N,3.98,chembl20,459971,9606,MMP12,2675,C1=C(O)N=C(C=C1)C(OCC2=CC3=C(C=C2)OCO3)=O
VWGKXDUPRHRCAO-LILDFLRNNA-N,CHEMBL181682,4321,A,6.64,chembl20,306214,9606,MMP12,2675,C1(=CC(C2=CC=C(C=C2)OC)=CS1)C(=O)NCCN3CCOCC3
UMVWYQXKBPJMOF-UHFFFAOYNA-N,CHEMBL50,4321,N,4.99,chembl20,827437,9606,MMP12,2675,C1=C(C2=C(C=C1O)OC(C(C2=O)=O)C3=CC=C(C(=C3)O)O)O
RZPBUIMYXLDFQU-GPQMBLKYNA-N,CHEMBL253372,4321,N,4.09,chembl20,459971,9606,MMP12,2675,C1=C(O)N=C(C=C1)C(=O)OCCCCOC2=CC=CC=C2
YPLGVMIJHPJLRA-LILDFLRNNA-N,CHEMBL78001,4321,A,7.89,chembl20,106456,9606,MMP12,2675,S(C1=CC2=CC=CC=C2C=C1)(C(CC(O)=NO)CCCC)(=O)=O
UCRQQCAIDRYGNO-UYBDAZJANA-N,CHEMBL575320,4321,A,7.24,chembl20,592283,9606,MMP12,2675,C=1C=C(C=2C=CC(CCC(CC(=O)O)O)=CC2)C=CC1SC
FTQOZDRDOVWSBK-MECQSIQINA-N,CHEMBL2385481,4321,A,7.8,chembl20,960929,9606,MMP12,2675,[C@H]1(N(CCC1)S(CCC2=CC=CC=C2)(=O)=O)C(=NO)O
YDAZWMGCTBJQEO-PKSOQXRJNA-N,CHEMBL583588,4321,A,7.07,chembl20,592283,9606,MMP12,2675,C=1C=C(C=2C=CC(CCC(CC(=O)O)O)=CC2)C=CC1C#N
BQQDHHXBQHXQLE-PKSOQXRJNA-N,CHEMBL254038,4321,N,3.93,chembl20,459971,9606,MMP12,2675,C1=C(O)N=C(C(=O)OCC2=CC=CC(=C2)OC3=CC=CC=C3)C=C1
FAJZOFHZLDUFEM-OCVBRQAYNA-N,CHEMBL1632637,4321,A,8.1,chembl20,694547,9606,MMP12,2675,C=1C(=CC=C(OC)C1)S(=O)(=O)N(C[C@H](O)CO)CC(=NO)O
GDYIQUFNICPYHF-PZWKGNPYNA-N,CHEMBL1956115,4321,A,5.87,chembl20,806645,9606,MMP12,2675,O=S(C)(=O)[C@@](CCC=1C=CC(=CC1)C2=CC=CC=C2)(C)C(=NO)O
FTRCUXMVUJZMHT-CYBMUJFWNA-N,CHEMBL1939844,4321,A,7.18,chembl20,799126,9606,MMP12,2675,O=S(N1[C@H](C(C)C)C(N(O)C(C1)=O)=O)(C2=CC=C(C=C2)OC)=O
DDIJQZRWMIFTHG-UYBDAZJANA-N,24857924,4321,A,7.74473,pubchem,775838,9606,MMP12,2675,O=C(NCC1=CC=C(C2=CC=CC=C2)C=C1)C=3N(O)C(=O)C=CC3
MIMAQBHMLVGMDH-LILDFLRNNA-N,CHEMBL2385484,4321,A,8.0,chembl20,960929,9606,MMP12,2675,S(O)(O)(N=CC(=NO)O)=CCC1=CC=C(C=C1)OC2=CC=CC=C2
KBHIXHPPONXJSH-PKSOQXRJNA-N,CHEMBL253835,4321,N,4.0,chembl20,459971,9606,MMP12,2675,C1=C(O)N=C(C=C1)C(=O)OCC2=CC=CC(=C2)C3=CC=CC=C3
JIGAPWRVDSTJDZ-QWOVJGMINA-N,CHEMBL199314,4321,N,4.59,chembl20,330170,9606,MMP12,2675,C(CCC(C=1C=CC(C#CCOCC2=CC=CC=C2)=CC1)=O)(O)=O
HGICQEUHJFERNR-PKSOQXRJNA-N,44479701,4321,A,5.82391,pubchem,440420,9606,MMP12,2675,S(=O)(=O)(C=1C(CC(=O)O)=CC=CC1)C2=CC=C(C=C2)C3=CC=CC=C3
IQQPMVWLYNYZPW-QVUQFMIFNA-N,44555421,4321,A,5.52433,pubchem,449027,9606,MMP12,2675,BrC=1C(CCC2=CC=CC=C2)=C(Br)NC1C=3NC=CC4=NC(=NC34)N
BLXHYKZAZZIQOC-YXSUSBOTNA-N,CHEMBL2385483,4321,A,9.0,chembl20,960929,9606,MMP12,2675,[C@@H]1(N(CCC1)S(CCC2=CC=C(C=C2)OC)(=O)=O)C(=NO)O
PFIFGQWOKBQYID-PKSOQXRJNA-N,CHEMBL147882,4321,A,7.54,chembl20,106462,9606,MMP12,2675,S(N1C(C=2C=CC(=CC2CC1)O)C(O)=NO)(C=3C=CC(=CC3)C)(=O)=O
RAXLQYNMWRTECE-RCPSYSLXNA-N,CHEMBL571362,4321,N,4.73,chembl20,600205,9606,MMP12,2675,C=1(C2=C(C=CN1)NC(N)=N2)C3=CC(=C(N3)Br)C4=CC=CC=C4
QQDWEVONJRXVDB-UYBDAZJANA-N,CHEMBL1233772,4321,A,7.51,chembl20,694547,9606,MMP12,2675,C(O)(=NO)CN(S(C1=CC=C(C2=CC=CC=C2)C=C1)(=O)=O)CCO
OMKGAAGLEHDNHH-ZUPSLANMNA-N,CHEMBL187079,4321,N,4.31,chembl20,302322,9606,MMP12,2675,N1=C(O[C@H]([C@@H]1CO)C=C)/C=C\C=C\C2=CC=CC=C2
NOENPCOHNDAVLW-UYBDAZJANA-N,CHEMBL146289,4321,A,6.38,chembl20,106462,9606,MMP12,2675,S(N1C(C=2C=CC(=CC2CC1)O)C(O)=NO)(=O)(=O)C=3C=CC=CC3
KUELMQAVLKNHFA-QWOVJGMINA-N,CHEMBL1427458,4321,N,4.0,chembl20,754264,9606,MMP12,2675,O(C=1C=CC(C(=O)NCC2=CC=NC=C2)=CC1)C3=CC=C(C=C3)C
KOVACENWBVASDG-PKSOQXRJNA-N,CHEMBL574445,4321,N,4.26,chembl20,592283,9606,MMP12,2675,C=1(C=CC(CCC(CC(=O)O)OC(=O)C)=CC1)C2=CC=CC=C2
VVZFBVIPGIVQRI-PKSOQXRJNA-N,CHEMBL148406,4321,A,6.72,chembl20,106462,9606,MMP12,2675,S(N1C(C=2C=CC(=CC2CC1)O)C(O)=NO)(C3=CC=C(C=C3)N)(=O)=O
WQRJSSRVHCJAKB-PKSOQXRJNA-N,CHEMBL574589,4321,A,6.23,chembl20,591598,9606,MMP12,2675,C1(=C(S(C=2C=CC(=CC2)C3=CC=CC=C3)(=O)=O)C=CC=C1)C(O)=NO
SENFKJJTAIUEKU-UYBDAZJANA-N,CHEMBL253820,4321,N,4.2,chembl20,459971,9606,MMP12,2675,C1=C(O)N=C(C=C1)C(=O)OCC2=C(C(=C(C(=C2F)F)F)F)F
UEHKLPHNSUXLCL-LQFNOIFHNA-N,CHEMBL250070,4321,N,3.96,chembl20,459971,9606,MMP12,2675,C1=CC=C(N=C1S)C(=O)OCC2=CC=C(C=C2)OC3=CC=CC=C3
UWGVSZINIOLRDT-LILDFLRNNA-N,CHEMBL1957604,4321,A,5.6,chembl20,805646,9606,MMP12,2675,O=S(C1=CC=C(C=C1)C2=CC=CC=C2)(=O)N3CS(=CC3C(O)=NO)O
ZJOQXNGTEXFLLO-PKSOQXRJNA-N,CHEMBL356124,4321,A,5.11,chembl20,106462,9606,MMP12,2675,S(N1C(C=2C=CC(=CC2CC1)O)C(O)=NO)(C=3C=CC(=CC3)OC)(=O)=O
YNIHTMMJQXUNPE-IVJIEMQWNA-N,CHEMBL1632640,4321,A,7.96,chembl20,694547,9606,MMP12,2675,C1=CC(=CC=C1S(N[C@@H](C(=NO)O)[C@H](O)C)(=O)=O)OC
XYXRFODFDUOQKS-RVLNTAOFNA-N,73354941,4321,A,8.30103,pubchem,748347,9606,MMP12,2675,S(=O)(=O)(N1[C@@H](CCC1)C(O)=NO)CCC2=CC=3OCOC3C=C2
ABCUGGKORKLYBH-UHFFFAOYNA-N,CHEMBL237149,4321,A,5.25,chembl20,449412,9606,MMP12,2675,C1(C2(SC(C3=CC=C(C=C3)OC)=NN2)C4=C(C=CC=C4)N1CC5=CC=CC=C5)=O
FIPYOKGRSDJCAR-QWOVJGMINA-N,44479199,4321,A,6.85387,pubchem,440420,9606,MMP12,2675,S(=O)(=O)(C=1C(CC(=O)O)=CC=CC1)C2=CC=C(C=C2)C3=CC=C(OC)C=C3
HBXVEQHRTCDTPV-UYBDAZJANA-N,CHEMBL236523,4321,A,5.77,chembl20,449412,9606,MMP12,2675,C1(C2(C=3C(=CC(=CC3)CCC)N1)SC(C4=CC=C(C=C4)OC)=NN2)=O
IIMXFTNJRIHVRA-MPIMZMORNA-N,11588332,4321,A,5.12148,pubchem,259460,9606,MMP12,2675,O=C(C(CC)CC(=O)O)C=1C=CC(=CC1)C#CCOCC2=CC=CC=C2
CPUBMGYGVNFLPZ-MPIMZMORNA-N,44479699,4321,A,8.22185,pubchem,440420,9606,MMP12,2675,S(=O)(=O)(C=1C(C(C)C(O)=NO)=CC=CC1)C2=CC=C(C=C2)C3=CC=CC=C3
KJXSIXMJHKAJOD-HUUCEWRRNA-N,CHEMBL2048508,4321,A,5.76,chembl20,827437,9606,MMP12,2675,C1(=CC(=C2C(=O)[C@@H](O)[C@@H](C3=CC(=C(C(=C3)O)O)O)OC2=C1)O)O
JOGYGVFUVCZABB-PKSOQXRJNA-N,CHEMBL148171,4321,A,7.19,chembl20,106462,9606,MMP12,2675,S(N1C(C=2C=C(OC)C(=CC2CC1)O)C(O)=NO)(=O)(=O)C3=CC=CC=C3
HSMGGAWDRKACFW-QWOVJGMINA-N,44479702,4321,A,5.72125,pubchem,440420,9606,MMP12,2675,S(=O)(=O)(C=1C(C(C)C(=O)O)=CC=CC1)C2=CC=C(C=C2)C3=CC=CC=C3
PHTQJEOSGCXNBC-LQFNOIFHNA-N,CHEMBL368013,4321,A,6.4,chembl20,305158,9606,MMP12,2675,C1(=CC(C2=CC=C(C=C2)C3=CC=CC=C3)=CS1)C(=O)NCCN4CCOCC4
PIVZYWJQNLNVKU-LQFNOIFHNA-N,CHEMBL180875,4321,A,6.34,chembl20,305158,9606,MMP12,2675,C1(=CC(C2=CC=C(C=C2)C3CCCCC3)=CS1)C(=O)NCCN4CCOCC4
QMIAXILIKVOPKK-QWOVJGMINA-N,CHEMBL424130,4321,A,6.77,chembl20,106462,9606,MMP12,2675,S(N1C(C=2C=CC(=CC2CC1)O)C(O)=NO)(C3=CC(Cl)=CC=C3Cl)(=O)=O
MYZHQACPXTZCJY-PKSOQXRJNA-N,10155934,4321,A,5.92082,pubchem,440420,9606,MMP12,2675,S(=O)(=O)(C1=C(C=CC=C1)C(O)=NO)C2=CC=C(OC3=CC=CC=C3)C=C2
OEACPQMNTMJNAD-LNNLXFCONA-N,CHEMBL575947,4321,N,4.7,chembl20,592283,9606,MMP12,2675,C=1C=C(C=CC1OC2=CC=CC=C2)C3=CC=C(C=C3)CCC(CC(=O)O)O
XXBXRJDBCMCGGD-QWOVJGMINA-N,CHEMBL2326364,4321,A,6.4,chembl20,940800,9606,MMP12,2675,O=S(=O)(C=1C=CC=CC1CC(=O)O)C2=CC=C(C=C2)C3=CC=C(C=C3)F
XHTQODGQENCRBY-JBTVVEHSNA-N,CHEMBL571136,4321,N,4.99,chembl20,600205,9606,MMP12,2675,C=1(C=2N=C(N)NC2C=CN1)C=3NC(=C(C3)CCC4=CC=CC=C4)Br
RPSYWEPJQQLLJN-LNNLXFCONA-N,CHEMBL201298,4321,A,6.35,chembl20,330170,9606,MMP12,2675,C(O)(=O)CC(CCCCCC)C(C=1C=CC(C#CC2=CC=CC=C2)=CC1)=O
RVDXCFLIZBRLSI-VDDAFCAXNA-N,CHEMBL572241,4321,A,5.52,chembl20,600205,9606,MMP12,2675,C=1(C=2N=C(N)NC2C=CN1)C=3NC(=C(C3Br)CCC4=CC=CC=C4)Br
UOBFNJXLVSPHNN-HXTKINSTNA-N,CHEMBL199666,4321,A,6.7,chembl20,330170,9606,MMP12,2675,C(O)(=O)CC(CCCCCC)C(C=1C=CC(C#CC2=CC=C(C=C2)Cl)=CC1)=O
VHKWGYDCLXOLAM-LQFNOIFHNA-N,CHEMBL182038,4321,A,7.0,chembl20,305158,9606,MMP12,2675,C1(=CC(C=2C=CC(=CC2)C3=CC=NC=C3)=CS1)C(=O)NCCN4CCOCC4
YVJXBWDNNWDVMN-PKSOQXRJNA-N,CHEMBL147489,4321,A,7.23,chembl20,106462,9606,MMP12,2675,S(N1C(C=2C=CC(=CC2CC1)O)C(O)=NO)(C3=CC=C(N(=O)=O)C=C3)(=O)=O
ZBRHTUMWSDPCMI-QWOVJGMINA-N,CHEMBL111856,4321,A,9.62,chembl20,106461,9606,MMP12,2675,S(NC1(C(O)=NO)CCOCC1)(C2=CC=C(OC=3C=CC(=CC3)F)C=C2)(=O)=O
YYBFXMXFWMJGLB-QWOVJGMINA-N,44479460,4321,A,8.22185,pubchem,440420,9606,MMP12,2675,S(=O)(=O)(C=1C(CC(O)=NO)=CC=CC1)C2=CC=C(C=C2)C3=CC=CC=C3
CWFNNQMBLVACQD-KNUABHKMNA-N,CHEMBL1940296,4321,N,4.0,chembl20,798834,9606,MMP12,2675,N12CCC(CC1)[C@](C#CC=3C=CC(=CC3)OC=4C=CC(=CC4)C(=O)NC)(C2)O
DJZNIZCARKSSDE-MPIMZMORNA-N,CHEMBL584365,4321,A,8.32,chembl20,591598,9606,MMP12,2675,C=1(CC(=NO)O)C(S(C=2C=CC(C3=CC=C(C=C3)OC)=CC2)(=O)=O)=CC=CC1
BTMGFNYLYGWAKT-CPHLJFJKNA-N,CHEMBL109861,4321,A,6.44,chembl20,106458,9606,MMP12,2675,S(C=1SC=CC1)(N[C@H](C(NC2=NN=C(CS2)C=3C=CC(=CC3)Cl)=O)C)(=O)=O
BSIZUMJRKYHEBR-VGUCUOCSNA-N,CHEMBL514138,4321,A,5.6,chembl20,987735,9606,MMP12,2675,C=1C=C(C=CC1S(N([C@H](C(C)C)C(O)=NO)CC2=CN=CC=C2)(=O)=O)OC
BWJNOHKLFBLHOO-FKJJTXMGNA-N,45269910,4321,A,7.06048,pubchem,427755,9606,MMP12,2675,S(=O)(=O)(N[C@H](C(C)C)C(=O)O)C1=CC2=C(SC=3C2=CC=CC3)C=C1
BWJNOHKLFBLHOO-RAUYUUNWNA-N,45269911,4321,A,6.12494,pubchem,427755,9606,MMP12,2675,S(=O)(=O)(N[C@@H](C(C)C)C(=O)O)C1=CC2=C(SC=3C2=CC=CC3)C=C1
BZKQWVWIZGCORS-CMPMBVLYNA-N,CHEMBL1957605,4321,A,6.3,chembl20,805646,9606,MMP12,2675,OS=1(=CN(S(=O)(C2=CC=C(C=C2)C3=CC=CC=C3)=O)[C@@H](C1)C(O)=NO)O
AYFCYVLVRYQGME-QWOVJGMINA-N,CHEMBL148214,4321,A,7.7,chembl20,106462,9606,MMP12,2675,S(N1C(C=2C=C(OC)C(=CC2CC1)O)C(O)=NO)(C=3C=CC(=CC3)OC)(=O)=O
FJPIVKCTLWDBJM-LQFNOIFHNA-N,CHEMBL181817,4321,A,6.4,chembl20,305158,9606,MMP12,2675,N(C(C1=CC(C=2C=CC(OC(F)(F)F)=CC2)=CS1)=O)C(OC3CCC(CC3)C)=O
FMBCNTQGGGDHCQ-LNNLXFCONA-N,CHEMBL367148,4321,A,6.4,chembl20,305158,9606,MMP12,2675,C1(C(NC(=O)OCC2=CC=C(C=C2)C)=O)=CC(C=3C=CC(OC(F)(F)F)=CC3)=CS1
FQRZOEBSTPAQBJ-XUWSGZCTNA-N,CHEMBL2048512,4321,A,8.09,chembl20,827437,9606,MMP12,2675,N(O)=C(O)CC(C(=O)NC(C(NC)=O)CCC1=CC=CC=C1)CC(C)C
GQLPTZZPKXZFQR-PWIKPTQSNA-N,CHEMBL228268,4321,A,5.39,chembl20,438531,9606,MMP12,2675,S(=O)(=O)(C1=CC=C(C=C1)OCC=2C=C(N=C3C2C=CC=C3)C)NCC=4NN=C(O)N4
NCROEDXPKVIJMH-GEFSFXNUNA-N,CHEMBL2409698,4321,A,7.63,chembl20,973504,9606,MMP12,2675,O=S(=O)(N1CCC(OC=2C=CC(=CC2)F)CC1)C[C@@]3(C(NC(N3)=O)=O)C
JJTWETADXAELLS-PKSOQXRJNA-N,CHEMBL109806,4321,A,6.7,chembl20,106458,9606,MMP12,2675,S(NC(C(NC1=NN=C(CS1)C2=CC=C(C=C2)Cl)=O)(C)C)(=O)(=O)C=3C=CC=CC3
JVBFGGAYMSJQBZ-GOSISDBHNA-N,CHEMBL1939845,4321,A,7.72,chembl20,799126,9606,MMP12,2675,O=S(N1CC(N(C(=O)[C@H]1C(C)C)O)=O)(C2=CC=C(C=C2)C3=CC=CC=C3)=O
OREDIHYKGISTDR-QWOVJGMINA-N,44479459,4321,A,7.1549,pubchem,440420,9606,MMP12,2675,S(=O)(=O)(C1=CC=C(C=C1)C2=CC=C(OC)C=C2)C3=C(C=CC=C3)C(O)=NO
QDDDNZKRPVNLGQ-LELJVTLKNA-N,11717997,4321,A,5.9431,pubchem,259460,9606,MMP12,2675,FC1=CC=C(CC(CC(=O)O)C(=O)C=2C=CC(=CC2)C#CC3=CC=CC=C3)C=C1
RQCBSNJRFVZHOS-GOSISDBHNA-N,CHEMBL1939846,4321,A,7.64,chembl20,799126,9606,MMP12,2675,O=S(N1CC(N(C(=O)[C@H]1C(C)C)O)=O)(C2=CC=C(C=C2)OC3=CC=CC=C3)=O
QTFXITWPRZRHMV-HXTKINSTNA-N,11675055,4321,A,6.22185,pubchem,259460,9606,MMP12,2675,O=C(C(CC1=CC=CC=C1)CC(=O)O)C=2C=CC(=CC2)C#CC3=CC=CC=C3
NNDUJQBMMUXFHC-LNNLXFCONA-N,CHEMBL575946,4321,N,4.7,chembl20,592283,9606,MMP12,2675,C=1C=C(C=C2C1C3=C(O2)C=CC=C3)C4=CC=C(C=C4)CCC(CC(=O)O)O
OAJUMLCSJOEUON-QWOVJGMINA-N,CHEMBL584122,4321,A,6.04,chembl20,591598,9606,MMP12,2675,C1(C(O)=NO)=C(S(C=2C=CC(OC3=CC=C(C=C3)OC)=CC2)(=O)=O)C=CC=C1
OEHVKBKRRIUTOR-ALGICJAMNA-N,CHEMBL1632642,4321,A,7.22,chembl20,694547,9606,MMP12,2675,C1=CC(=CC=C1S(N(C[C@H](O)CO)CC(=NO)O)(=O)=O)C2=CC=CC=C2
WJWOJAKOSRCFKB-CPHLJFJKNA-N,CHEMBL111678,4321,A,6.62,chembl20,106458,9606,MMP12,2675,S(N[C@H](C(NC1=NN=C(CS1)C=2SC(Cl)=CC2)=O)C)(=O)(=O)C=3C=CC=CC3
WHYGXVPDMCPBOY-PKSOQXRJNA-N,CHEMBL111179,4321,A,6.32,chembl20,106458,9606,MMP12,2675,S(N=C(C(NC1=NN=C(CS1)C=2C=CC(=CC2)Cl)=O)C)(O)(O)=CC3=CC=CC=C3
ZUGWYJYJZWGIPG-GEFSFXNUNA-N,59794437,4321,A,8.05061,pubchem,761928,9606,MMP12,2675,ClC1=CC=C(OC2CCN(S(=O)(=O)C[C@]3(NC(=O)NC3=O)C)CC2)C=C1
XORCBTCEBZUVES-MPIMZMORNA-N,CHEMBL584147,4321,A,6.51,chembl20,591598,9606,MMP12,2675,C=1(C(C(O)=O)C)C(S(C=2C=CC(C3=CC=C(C=C3)OC)=CC2)(=O)=O)=CC=CC1
XXZWGNHHYJXUFA-HXTKINSTNA-N,CHEMBL572926,4321,A,5.43,chembl20,592283,9606,MMP12,2675,C=1C=C(C=CC1OCC2=CC=CC=C2)C=3C=CC(=CC3)CCC(CC(=O)O)O
WAQGXNYSPYKOPK-HXTKINSTNA-N,CHEMBL566512,4321,A,5.94,chembl20,592283,9606,MMP12,2675,C=1C=C(C=C2C1C3=C(C2)C=CC=C3)C4=CC=C(C=C4)CCC(CC(=O)O)O
UIVFNXLDHQCJRY-LQFNOIFHNA-N,CHEMBL2326363,4321,A,7.36,chembl20,940800,9606,MMP12,2675,O=S(=O)(C=1C=CC=CC1CC(=O)O)C2=CC=C(C=C2)C3=CC=C(C=C3)OCCF
SMJNKVQJVSTDHQ-SOJDGROTNA-N,CHEMBL553918,4321,A,7.77,chembl20,579099,9606,MMP12,2675,C=1C=C2C(=CC1S(=O)(=O)N[C@H](C(O)=O)C(C)C)OC3=C2C=CC(=C3)N
VFGCXHQYVYXXSU-LNNLXFCONA-N,11581283,4321,A,6.49485,pubchem,259460,9606,MMP12,2675,O=C(C(CC1CCCC1)CC(=O)O)C=2C=CC(=CC2)C#CC3=CC=CC=C3
VDUBALDTEGAJSW-GPCFXKECNA-N,CHEMBL1632638,4321,A,8.15,chembl20,694547,9606,MMP12,2675,C=1C(S(=O)(N(C[C@H](O)CO)[C@@H](C(=NO)O)CO)=O)=CC=C(OC)C1
YMAXKJGQKQACFZ-QWOVJGMINA-N,44479198,4321,A,6.42022,pubchem,440420,9606,MMP12,2675,S(=O)(=O)(C=1C(CC(=O)O)=CC=CC1)C2=CC=C(OC3=CC=C(OC)C=C3)C=C2
YOMXWXIANUYIMH-MPIMZMORNA-N,CHEMBL573715,4321,A,9.7,chembl20,591598,9606,MMP12,2675,C=1(CC(=NO)O)C(S(C=2C=CC(OC3=CC=C(C=C3)OC)=CC2)(=O)=O)=CC=CC1
YGNCGRVNRKDKCS-FKJJTXMGNA-N,25263244,4321,A,7.42022,pubchem,427755,9606,MMP12,2675,S(=O)(=O)(N[C@H](C(C)C)C(=O)O)C1=CC2=C(OC=3C2=CC=CC3)C=C1
YGNCGRVNRKDKCS-RAUYUUNWNA-N,25263245,4321,A,6.22185,pubchem,427755,9606,MMP12,2675,S(=O)(=O)(N[C@@H](C(C)C)C(=O)O)C1=CC2=C(OC=3C2=CC=CC3)C=C1
ZTPDQAOEZMYSGR-SOJDGROTNA-N,CHEMBL550702,4321,A,7.38,chembl20,579099,9606,MMP12,2675,C=1C=C2C(=CC1S(=O)(=O)N[C@H](C(O)=O)C(C)C)SC3=C2C=CC(=C3)N
CXLJHZLYJXTAEL-CATZCVBWNA-N,CHEMBL1782665,4321,A,7.05,chembl20,750611,9606,MMP12,2675,C1=CC(=CC=C1C2=CSC(C(NCC3=CC=C(C=C3)CC(O)=O)=O)=C2)C4=C(C=CC=C4)O
CUYFNNIMNVXFMJ-QTNNGFIUNA-N,CHEMBL1957606,4321,A,7.72,chembl20,805646,9606,MMP12,2675,OS=1(=CN(S(C2=CC=C(C=C2)OC3=CC=C(C=C3)Cl)(=O)=O)[C@@H](C1)C(O)=NO)O
CREFCFAJHQSGNR-PWIKPTQSNA-N,71602249,4321,A,6.30103,pubchem,728234,9606,MMP12,2675,S(=O)(=O)(C=1C(CC(O)=O)=CC=CC1)C2=CC=C(C=C2)C=3C=CC(NC(=O)CF)=CC3
ALKUUIDKRJZTBK-NDLPQEHJNA-N,CHEMBL561312,4321,A,9.4,chembl20,579099,9606,MMP12,2675,C1(=CC=C2SC3=C(C=CC(S(N[C@H](C(=O)O)C(C)C)(=O)=O)=C3)C2=C1)NC(OC)=O
ALKUUIDKRJZTBK-RMHYMAJTNA-N,25064052,4321,A,8.74473,pubchem,427755,9606,MMP12,2675,S(=O)(=O)(N[C@H](C(C)C)C(=O)O)C1=CC=2SC=3C(C2C=C1)=CC(NC(OC)=O)=CC3
DGZZVIWCMGVHGV-ZRLIBOMZNA-N,CHEMBL179288,4321,A,9.7,chembl20,591598,9606,MMP12,2675,N(O)=C(O)[C@H](N(OC(C)C)S(C1=CC=C(C=C1)C2=CC=CC=C2)(=O)=O)C(C)C
BLBHPKKKTVUSPA-RVOZNOIYNA-N,CHEMBL116944,4321,A,8.46,chembl20,106457,9606,MMP12,2675,C(N[C@@H](C[C@@H](C(O)=NO)C)CO)(C1=CC=C(OC2=CC=CC=C2)C=C1)=O
CKZHFOKQZRZCPF-ZVJOEIFQNA-N,CHEMBL434567,4321,A,7.77,chembl20,497414,9606,MMP12,2675,C1CC12C[C@@H]([C@@H](C(N3CCC(C4=CC=CC=C4)=CC3)=O)N(C2)C(OC)=O)C(=NO)O
ABXUEPSHNXWTBZ-ZBVUPWFFNA-N,CHEMBL575881,4321,A,6.39,chembl20,591598,9606,MMP12,2675,C(O)([C@H](N(OC(C)C)S(C=1C=CC(=CC1)C2=CC=CC=C2)(=O)=O)C(C)C)=O
AZKAMLNKTQVKSE-HWRLVXEANA-N,CHEMBL473611,4321,A,7.99,chembl20,566178,9606,MMP12,2675,C1(=CC=C2OC3=C(C2=C1)C=CC(S(N[C@H](C(=O)O)C(C)C)(=O)=O)=C3)N=S(O)(=O)C
HANNJPXOWYFOHG-IUPVZIRPNA-N,25263236,4321,A,8.30103,pubchem,427755,9606,MMP12,2675,S(=O)(=O)(N[C@@H](C(C)C)C(=O)O)C1=CC=2OC=3C(C2C=C1)=CC(NC(OCC)=O)=CC3
JDXMRLUMLAYKFA-BAVNDEOPNA-N,CHEMBL1644425,4321,N,4.51,chembl20,700258,9606,MMP12,2675,S1C(=CC(=N1)C(=O)NC[C@H]2CC[C@@H](CC2)C(=O)O)C=3C=CC(=CC3)OC(F)(F)F
IZRGHLXXFQNRMD-UVMFLRDTNA-N,44389285,4321,A,7.85387,pubchem,241064,9606,MMP12,2675,S1C(=CC(C2=CC=C(C=C2)C=3C=CN=CC3)=C1)C(=O)N[C@H](C4=CC=CC=C4)C(=O)O
LLODSKDIHVGRJD-VEORKLDJNA-N,CHEMBL1782664,4321,A,7.15,chembl20,750611,9606,MMP12,2675,C=1C=C(C=CC1C2=CSC(C(NCC3=CC=C(C=C3)CC(=O)O)=O)=C2)C4=CC=CC=C4
AJAHTKZXCRUIAR-LELJVTLKNA-N,71720757,4321,A,9.03152,pubchem,731523,9606,MMP12,2675,ClC1=C(S(=O)(=O)N2C(C3=C(CC2)C=C(OC4=CC=CC=C4)C=C3)C(O)=NO)C=C(Cl)C=C1
AYZMSYVMXDNCPT-XUXIMQSHNA-N,CHEMBL2409699,4321,A,8.7,chembl20,973504,9606,MMP12,2675,O=S(=O)(N1CCC(OC=2C=CC(=CC2)OCC)CC1)C[C@@]3(C(NC(N3)=O)=O)C
FCPPENPYSAPSJG-LVSCZHILNA-N,CHEMBL1935287,4321,A,9.7,chembl20,796143,9606,MMP12,2675,C1=C(S(N[C@H](C(O)=O)C(C)C)(=O)=O)C=C2OC3=C(C2=C1)C=C(C=C3)C=4SC=CC4
LEDMBBYIVRLZAS-SXEKBLSQNA-N,CHEMBL322795,4321,A,6.46,chembl20,458938,9606,MMP12,2675,S(N[C@@H](C(NC1=NN=C(CS1)C=2C=CC(=CC2)F)=O)C)(=O)(=O)C3=CC=CC=C3
LEDMBBYIVRLZAS-ZIFCFZSGNA-N,CHEMBL109579,4321,A,6.55,chembl20,458938,9606,MMP12,2675,S(N[C@H](C(NC1=NN=C(CS1)C=2C=CC(=CC2)F)=O)C)(=O)(=O)C=3C=CC=CC3
KLKLICDHEUVYJL-HXTKINSTNA-N,44389246,4321,A,7.24413,pubchem,241064,9606,MMP12,2675,S1C(C(=O)NCCN2CCOCC2)=CC(C3=CC=C(C=4C=CC(=CC4)C(=O)C)C=C3)=C1
MCSWSPNUKWMZHM-LNNLXFCONA-N,4218,4321,A,9.21467,pubchem,1077364,9606,MMP12,2675,S(=O)(=O)(N1CC(CN(S(=O)(=O)C2=CC=C(OC)C=C2)C1C(O)=NO)(C)C)C3=CC=C(OC)C=C3
MFYWCBCSORYQGC-GAJRFISSNA-N,CHEMBL475230,4321,A,7.96,chembl20,566178,9606,MMP12,2675,C=1(C=C2OC3=C(C2=CC1)C=C(S(N[C@@H](C(O)=O)C(C)C)(=O)=O)C=C3)NS(=O)(=O)C
MFYWCBCSORYQGC-PHMBMTPDNA-N,CHEMBL475231,4321,A,6.77,chembl20,566178,9606,MMP12,2675,C=1(C=C2OC3=C(C2=CC1)C=C(S(N[C@H](C(O)=O)C(C)C)(=O)=O)C=C3)NS(=O)(=O)C
LYWORXBHRXQZHC-LELJVTLKNA-N,44389253,4321,A,7.1549,pubchem,241064,9606,MMP12,2675,S1C(=CC(C2=CC=C(C3=CC=CC=C3)C=C2)=C1)C(=O)NC(OCC4=CC=C(C=C4)C)=O
JYGJKRYSCVUTOS-LVSCZHILNA-N,CHEMBL1935284,4321,A,9.4,chembl20,796143,9606,MMP12,2675,C1=C(S(N[C@H](C(O)=O)C(C)C)(=O)=O)C=C2OC3=C(C2=C1)C=C(C=C3)C4=COC=C4
ITVUSPVMUHFUQB-UAGOOZFHNA-N,CHEMBL429674,4321,A,6.49,chembl20,463867,9606,MMP12,2675,C1=CC(=CC=C1C(N[C@@H]2CCOC[C@@H]2C(=NO)O)=O)CC=3C(=NN4C3C=CC=C4)CC
IIABJCHWKFZJBK-DMRMWOHBNA-N,CHEMBL111450,4321,A,6.44,chembl20,458938,9606,MMP12,2675,S(N[C@@H](C(NC1=NN=C(CS1)C2=CC=C(C#N)C=C2)=O)C)(=O)(=O)C3=CC=CC=C3
IIABJCHWKFZJBK-KLTGWDSONA-N,CHEMBL422250,4321,A,6.43,chembl20,458938,9606,MMP12,2675,S(N[C@H](C(NC1=NN=C(CS1)C=2C=CC(C#N)=CC2)=O)C)(=O)(=O)C3=CC=CC=C3
JOKZNFFZUNYVMR-GHIQRBPXNA-N,CHEMBL422251,4321,A,6.46,chembl20,458938,9606,MMP12,2675,S(N[C@@H](C(NC1=NN=C(CS1)C=2C=CC(=CC2)Cl)=O)C(C)C)(=O)(=O)C3=CC=CC=C3
JOKZNFFZUNYVMR-XRGIMSDBNA-N,CHEMBL109603,4321,A,6.42,chembl20,458938,9606,MMP12,2675,S(N[C@H](C(NC1=NN=C(CS1)C=2C=CC(=CC2)Cl)=O)C(C)C)(=O)(=O)C=3C=CC=CC3
HJAMHEUHISNRJU-NDLPQEHJNA-N,CHEMBL549970,4321,A,5.14,chembl20,579099,9606,MMP12,2675,C12=CC(=CC=C1SC=3C=C(C=CC23)NC(OC)=O)S(N[C@H](C(=O)O)C(C)C)(=O)=O
HJAMHEUHISNRJU-RMHYMAJTNA-N,CHEMBL561310,4321,A,5.54,chembl20,579099,9606,MMP12,2675,C12=CC(=CC=C1SC=3C=C(C=CC23)NC(OC)=O)S(N[C@@H](C(=O)O)C(C)C)(=O)=O
HDDGWKVPDOMYLP-OIYPOTNANA-N,CHEMBL402636,4321,A,7.37,chembl20,463867,9606,MMP12,2675,C1=CC(CC2=C(OC3=C2C=CC=C3)C)=CC=C1C(N[C@@H]4CNC[C@@H]4C(=NO)O)=O
JXHAGXRDZALSLG-SXEKBLSQNA-N,CHEMBL109353,4321,A,6.49,chembl20,458938,9606,MMP12,2675,S(N[C@@H](C(NC1=NN=C(CS1)C2=CC=C(C=C2)Cl)=O)C)(=O)(=O)C3=CC=CC=C3
JXHAGXRDZALSLG-ZIFCFZSGNA-N,CHEMBL111257,4321,A,6.28,chembl20,458938,9606,MMP12,2675,S(N[C@H](C(NC1=NN=C(CS1)C=2C=CC(=CC2)Cl)=O)C)(=O)(=O)C3=CC=CC=C3
JUTPKTDNWMOAGF-GAJRFISSNA-N,25066366,4321,A,5.35655,pubchem,427755,9606,MMP12,2675,S(=O)(=O)(N[C@H](C(C)C)C(O)=O)C1=CC=2C=3C(SC2C=C1)=CC(NS(=O)(=O)C)=CC3
JUTPKTDNWMOAGF-PHMBMTPDNA-N,25066365,4321,A,5.67778,pubchem,427755,9606,MMP12,2675,S(=O)(=O)(N[C@@H](C(C)C)C(O)=O)C1=CC=2C=3C(SC2C=C1)=CC(NS(=O)(=O)C)=CC3
JPIVNFSAQUANEQ-UZMDTAOXNA-N,CHEMBL551110,4321,A,6.59,chembl20,579099,9606,MMP12,2675,C=1C=C2C(SC3=C2C=CC(=C3)NC(=O)NCC)=CC1S(=O)(=O)N[C@H](C(O)=O)C(C)C
PKQOURGVZCVPOK-MEHZRLLJNA-N,CHEMBL563177,4321,A,8.04,chembl20,579099,9606,MMP12,2675,C=1C=C2C(=CC1S(=O)(=O)N[C@H](C(O)=O)C(C)C)OC3=C2C=CC(=C3)N4C(OCC4)=O
PDKBAEDNMKVROV-PQAJHJHHNA-N,CHEMBL109655,4321,A,6.96,chembl20,458938,9606,MMP12,2675,S(N[C@H](C(NC1=NN=C(CS1)C2=CC=C(C=C2)C)=O)C)(=O)(=O)C3=CC=CC=C3
PDKBAEDNMKVROV-QIIRLMHINA-N,CHEMBL109214,4321,A,7.05,chembl20,458938,9606,MMP12,2675,S(N[C@@H](C(NC1=NN=C(CS1)C2=CC=C(C=C2)C)=O)C)(=O)(=O)C3=CC=CC=C3
PLJKONSYASWBHO-GHIQRBPXNA-N,71817095,4321,A,8.30103,pubchem,748347,9606,MMP12,2675,S(=O)(=O)(N1[C@H](CCC1)C(O)=NO)CCC2=CC=C(OC3=CC=CC=C3)C=C2
QSXWMSOERGLVDJ-ABUMJOMYNA-N,11475677,4321,A,5.08092,pubchem,241064,9606,MMP12,2675,S1C(=CC(C2=CC=C(OC(F)(F)F)C=C2)=C1)C(=O)N[C@@H](C3=CC=CC=C3)C(=O)O
QSXWMSOERGLVDJ-GNWGLMORNA-N,11327633,4321,A,6.74473,pubchem,241064,9606,MMP12,2675,S1C(=CC(C2=CC=C(OC(F)(F)F)C=C2)=C1)C(=O)N[C@H](C3=CC=CC=C3)C(=O)O
RILFWDKQYPJIOQ-LELJVTLKNA-N,CHEMBL146718,4321,A,7.14,chembl20,106462,9606,MMP12,2675,S(N1C(C2=CC=C(C=C2CC1)OCC=3C=CC=CC3)C(O)=NO)(C=4C=CC(=CC4)C)(=O)=O
NKGBFKCCSGHHPF-MEHZRLLJNA-N,CHEMBL552313,4321,A,7.36,chembl20,579099,9606,MMP12,2675,C=1C=C2C(=CC1S(=O)(=O)N[C@H](C(O)=O)C(C)C)SC3=C2C=CC(=C3)N4C(OCC4)=O
MUMVNZHARHFSLP-MEHZRLLJNA-N,CHEMBL1935291,4321,A,9.0,chembl20,796143,9606,MMP12,2675,C1=C(S(N[C@H](C(O)=O)C(C)C)(=O)=O)C=C2OC3=C(C2=C1)C=C(C=C3)C=4SC=CN4
MYFWCGILTGDUAM-UBIQEAMFNA-N,CHEMBL109770,4321,A,6.52,chembl20,458938,9606,MMP12,2675,S(N[C@H](C(NC1=NN=C(CS1)C2=CC=C(C(F)(F)F)C=C2)=O)C)(=O)(=O)C3=CC=CC=C3
NUQXNRQZJKOMGW-ZERUODRCNA-N,CHEMBL1644423,4321,A,6.4,chembl20,700258,9606,MMP12,2675,C1=C(C=C(S1)C(=O)NC[C@H]2CC[C@@H](CC2)C(=O)O)C=3C=CC(=CC3)OC(F)(F)F
KRVMUJILUZQWCW-NDLPQEHJNA-N,CHEMBL562373,4321,A,8.05,chembl20,579099,9606,MMP12,2675,C12=CC=C(C=C1SC=3C=C(C=CC23)NC(OC)=O)S(N[C@H](C(=O)O)C(C)C)(=O)=O
KRVMUJILUZQWCW-RMHYMAJTNA-N,CHEMBL559585,4321,A,7.54,chembl20,579099,9606,MMP12,2675,C12=CC=C(C=C1SC=3C=C(C=CC23)NC(OC)=O)S(N[C@@H](C(=O)O)C(C)C)(=O)=O
OUNOAPVJMCBRTF-PZXLMPFBNA-N,CHEMBL523001,4321,A,8.12,chembl20,566178,9606,MMP12,2675,N(C(N)=O)C1=CC=C2OC3=C(C=CC(=C3)S(=O)(=O)N[C@H](C(=O)O)C(C)C)C2=C1
OVUDWXYTKUKYAX-LELJVTLKNA-N,CHEMBL358539,4321,A,7.24,chembl20,106462,9606,MMP12,2675,S(N1C(C2=CC=C(C=C2CC1)OCC=3C=CC=CC3)C(O)=NO)(C=4C=CC(=CC4)OC)(=O)=O
WTSUTISUYTXKIH-HWRLVXEANA-N,25064053,4321,A,7.30103,pubchem,427755,9606,MMP12,2675,S(=O)(=O)(N[C@@H](C(C)C)C(=O)O)C1=CC=2SC=3C(C2C=C1)=CC(N=S(O)(=O)C)=CC3
WTSUTISUYTXKIH-WVNODLLBNA-N,25064054,4321,A,7.22185,pubchem,427755,9606,MMP12,2675,S(=O)(=O)(N[C@H](C(C)C)C(=O)O)C1=CC=2SC=3C(C2C=C1)=CC(N=S(O)(=O)C)=CC3
VQQBCGJKDAMCHZ-XQJVRFBCNA-N,57402782,4321,A,7.82391,pubchem,638695,9606,MMP12,2675,S(=O)(=O)(N[C@@H](C(C)C)C(=O)O)C1=CC=2OC3=C(C2C=C1)C=C(N4N=CC=C4)C=C3
VTRJTXRAOIMSTL-RXIVIDBTNA-N,CHEMBL419750,4321,A,6.47,chembl20,458938,9606,MMP12,2675,S(N[C@H](C(NC1=NN=C(CS1)C2=CC=C(C=C2)OC)=O)C)(=O)(=O)C=3C=CC=CC3
XZIXEICXEVVEDV-HWRLVXEANA-N,CHEMBL552377,4321,A,5.68,chembl20,579099,9606,MMP12,2675,C1(=CC=C2SC3=CC(=CC=C3C2=C1)N=S(C)(O)=O)S(N[C@H](C(=O)O)C(C)C)(=O)=O
XZIXEICXEVVEDV-WVNODLLBNA-N,CHEMBL552376,4321,A,5.36,chembl20,579099,9606,MMP12,2675,C1(=CC=C2SC3=CC(=CC=C3C2=C1)N=S(C)(O)=O)S(N[C@@H](C(=O)O)C(C)C)(=O)=O
XLLNHFSBTKONDM-BAVNDEOPNA-N,CHEMBL1644424,4321,A,5.44,chembl20,700258,9606,MMP12,2675,N1=C(C=C(S1)C(=O)NC[C@H]2CC[C@@H](CC2)C(=O)O)C3=CC=C(C=C3)OC(F)(F)F
XLTGYQNRFLYPNU-LBOYIXSDNA-N,CHEMBL147604,4321,A,6.03,chembl20,106462,9606,MMP12,2675,S(N1C(C2=CC=C(C=C2CC1)OCC3=CC=CC=C3)C(O)=NO)(C4=CC(Cl)=CC=C4Cl)(=O)=O
XHALVRQBZGZHFE-BBOMDTFKNA-N,6479915,4321,A,5.56067,pubchem,670314,9606,MMP12,2675,O([C@H](CC1=CC(O)=C(O)C=C1)C(OC)=O)C(=O)/C=C/C2=CC(O)=C(O)C=C2
WOIMZSMDPIJLFO-SXEKBLSQNA-N,CHEMBL110970,4321,A,6.47,chembl20,458938,9606,MMP12,2675,S(N[C@@H](C(NC1=NN=C(CS1)C2=CC=C(C=C2)Br)=O)C)(=O)(=O)C3=CC=CC=C3
WOIMZSMDPIJLFO-ZIFCFZSGNA-N,CHEMBL110750,4321,A,6.36,chembl20,458938,9606,MMP12,2675,S(N[C@H](C(NC1=NN=C(CS1)C=2C=CC(=CC2)Br)=O)C)(=O)(=O)C3=CC=CC=C3
NZWCKNGEMCPIOP-BSPBCYMJNA-N,CHEMBL2409710,4321,A,8.23,chembl20,973504,9606,MMP12,2675,O=S(=O)(N1CCC(OC=2C=CC(=CC2)C(F)(F)F)CC1)C[C@@]3(C(NC(N3)=O)=O)C
DJXZXNHJKPAVOT-BSPBCYMJNA-N,59794408,4321,A,8.48149,pubchem,761928,9606,MMP12,2675,S(=O)(=O)(N1CCC(OC2=CC=C(OC(F)(F)F)C=C2)CC1)C[C@]3(NC(=O)NC3=O)C
SKLOAVPDSDQCQV-NDLPQEHJNA-N,25263241,4321,A,7.92082,pubchem,418149,9606,MMP12,2675,S(=O)(=O)(N[C@@H](C(C)C)C(=O)O)C1=CC=2OC3=C(C2C=C1)C=CC(NC(OC)=O)=C3
SKLOAVPDSDQCQV-RMHYMAJTNA-N,44248815,4321,A,7.95468,pubchem,427755,9606,MMP12,2675,S(=O)(=O)(N[C@H](C(C)C)C(=O)O)C1=CC=2OC3=C(C2C=C1)C=CC(NC(OC)=O)=C3
UIMOJSHBVUUXAE-GHIQRBPXNA-N,CHEMBL2385487,4321,A,8.7,chembl20,960929,9606,MMP12,2675,[C@H]1(N(CCC1)S(CCC2=CC=C(C=C2)C3=CC=CC=C3)(=O)=O)C(=NO)O
SZPWYHRMRFNOHH-HBVKRUABNA-N,CHEMBL1760318,4321,A,5.64,chembl20,811340,9606,MMP12,2675,C(C=1C=CC(=CC1)F)NCCCC[C@H](C(=NO)O)C[C@H](C2=CC=C(C=C2)F)OC
UVGAWIJNBYCHSP-LILDFLRNNA-N,CHEMBL321213,4321,A,6.55,chembl20,458938,9606,MMP12,2675,S(NC(C(NC1=NN=C(CS1)C2=CC=C(N(=O)=O)C=C2)=O)C)(=O)(=O)C=3C=CC=CC3
ZKWCQLOCQWJKBW-QWOVJGMINA-N,CHEMBL576762,4321,A,5.24,chembl20,591598,9606,MMP12,2675,C1(C(O)=NO)=C(S(C=2C=CC(OC3=CC=C(C=C3)S(O)=C)=CC2)(=O)=O)C=CC=C1
YVCCTHCWKOIESX-HXTKINSTNA-N,CHEMBL147881,4321,A,7.24,chembl20,106462,9606,MMP12,2675,S(N1C(C2=CC=C(C=C2CC1)OCC3=CC=CC=C3)C(O)=NO)(=O)(=O)C=4C=CC=CC4
YBSAQCUPLKZQEO-SDJGSLFKNA-N,CHEMBL1935278,4321,A,7.89,chembl20,796143,9606,MMP12,2675,C1=C(S(N[C@H](C(O)=O)C(C)C)(=O)=O)C=C2OC3=C(C2=C1)C=C(N4C=NC=N4)C=C3
ZTJUBPXNBSLSGL-HXTKINSTNA-N,CHEMBL183410,4321,A,7.54,chembl20,305126,9606,MMP12,2675,C1(C(C(N)C(NC1=O)=O)=O)(OC2=CC=C(OC=3C=CC(C4=NN=CO4)=CC3)C=C2)CCOCC
ZURXLNWQPVEFOH-BPTPIXAONA-N,CHEMBL562374,4321,A,7.0,chembl20,579099,9606,MMP12,2675,C1=2C3=CC=C(C=C3SC1=CC(=CC2)NC(OCC)=O)S(N[C@@H](C(=O)O)C(C)C)(=O)=O
ZURXLNWQPVEFOH-IUPVZIRPNA-N,25064905,4321,A,8.20066,pubchem,427755,9606,MMP12,2675,S(=O)(=O)(N[C@@H](C(C)C)C(=O)O)C1=CC=2SC3=C(C2C=C1)C=CC(NC(OCC)=O)=C3
ZRYWWVOWAKCPRO-LELJVTLKNA-N,44389231,4321,A,7.1549,pubchem,241064,9606,MMP12,2675,S1C(=CC(C=2C=CC(C3=C(O)C=CC=C3)=CC2)=C1)C(=O)NC(OCC4=CC=C(C=C4)C)=O
ZBUBVRPJRGRMLP-RNTXIUNLNA-N,CHEMBL605764,4321,A,5.05,chembl20,608478,9606,MMP12,2675,C(C(N1CCN(CC1)C2=CC=CC=C2Cl)O)([C@H](C(=O)NCCC=3SC=CC3)O)=O
ZCRWOWSOWBMWGI-LQFNOIFHNA-N,CHEMBL572780,4321,A,8.57,chembl20,591598,9606,MMP12,2675,C=1(C(C(=NO)O)C)C(S(C=2C=CC(C3=CC=C(C=C3)OC)=CC2)(=O)=O)=CC=CC1
ZDYXONOHFKVMSQ-RMHYMAJTNA-N,25065318,4321,A,8.14267,pubchem,418149,9606,MMP12,2675,S(=O)(=O)(N[C@H](C(C)C)C(=O)O)C1=CC=2C3=C(OC2C=C1)C=C(NC(OC)=O)C=C3
CWBWNBWJSLNHOL-TYXICIKKNA-N,CHEMBL1644428,4321,A,7.07,chembl20,700258,9606,MMP12,2675,C1(=C(C=C(C(=O)N[C@H](CC(N)=O)C2=CC=CC=C2)S1)C=3C=CC(=CC3)OC(F)(F)F)F
AJPXKPDDERRJRR-SDJGSLFKNA-N,CHEMBL1935293,4321,A,8.07,chembl20,796143,9606,MMP12,2675,C1=C(S(N[C@H](C(O)=O)C(C)C)(=O)=O)C=C2OC3=C(C2=C1)C=C(C=C3)C=4N=C(ON4)C
DKEROQXIMVSLEZ-AATXMJDANA-N,CHEMBL1935288,4321,A,9.7,chembl20,796143,9606,MMP12,2675,C1=C(S(N[C@H](C(O)=O)C(C)C)(=O)=O)C=C2OC3=C(C2=C1)C=C(C=C3)C=4SC(=CC4)C
BPGDVHWVHMDFBK-MVSMHODBNA-N,CHEMBL2012838,4321,N,4.92,chembl20,811340,9606,MMP12,2675,C=1([C@@H](C[C@H](CCCCNC(C2=CC=C(C=C2)F)CC)C(=NO)O)OC)C=CC(=CC1)F
BHJRCMPVJFWSEN-JJKWGKMWNA-N,25065111,4321,A,8.21467,pubchem,427755,9606,MMP12,2675,S(=O)(=O)(N[C@@H](C(C)C)C(=O)O)C1=CC=2SC3=C(C2C=C1)C=CC(NC(OCCC#C)=O)=C3
CEMRGJBBNAXOEV-MYIVHCKPNA-N,CHEMBL1935295,4321,A,8.35,chembl20,796143,9606,MMP12,2675,C1=C(C=C2C(C3=C(O2)C=CC(=C3)C=4N=C(ON4)C(C)C)=C1)S(N[C@H](C(O)=O)C(C)C)(=O)=O
BSAORORNNRENRI-LXFFPTGGNA-N,CHEMBL228318,4321,A,5.44,chembl20,438531,9606,MMP12,2675,C(C1=CC=C(C=C1)OCC2=CC(=NC=3C2=CC=CC3)C)(=O)NC4=C(C=CC=C4)CC=5NC(=NN5)O
BVTIVQKMMMOOTF-WEUGBEAXNA-N,CHEMBL1940313,4321,A,5.0,chembl20,798834,9606,MMP12,2675,N12CCC([C@](C#CC=3C=CC(OC=4C=CC(=CC4)C(=O)NC5CCN(CC5)C6CC6)=CC3)(C1)O)CC2
BYQIIKCYPGKHOY-VXCRVQHMNA-N,CHEMBL247140,4321,A,6.65,chembl20,456578,9606,MMP12,2675,C1(CC2(CCOCC2)N=C(O)C3=CC=C(C=C3)OCC=4C=C(N=C5C4C=CC=C5)C)=NNC(=N1)S
CBUQIOYQSSZVDA-LBOYIXSDNA-N,CHEMBL473841,4321,N,4.6,chembl20,519276,9606,MMP12,2675,C=1C=C2C(=CC(=C(O)C2=NC1)C(NC(=O)CN(C)C3=CC=CC=C3)C=4C=C(C=CC4)N(=O)=O)Cl
AXERWECZRIZWCH-RBLWGMFNNA-N,CHEMBL258055,4321,A,7.28,chembl20,463867,9606,MMP12,2675,C1=CC(CC2=C(OC3=C2C=CC=C3)C)=CC=C1C(N[C@@H]4CCOC[C@@H]4C(=NO)O)=O
FLPIBFXJTDQPCO-YNFMPKPPNA-N,CHEMBL403539,4321,A,6.92,chembl20,463867,9606,MMP12,2675,C1=CC(=CC=C1C(N[C@@H]2CCOC[C@@H]2C(=NO)O)=O)CC=3C(=NN4C3C=CC=C4)C(C)C
FIKHJLBGJKASJJ-QSFURRQSNA-N,CHEMBL474622,4321,A,7.41,chembl20,566178,9606,MMP12,2675,C1(NC(OC(C)C)=O)=CC2=C(C=C1)C3=C(C=CC(S(N[C@@H](C(=O)O)C(C)C)(=O)=O)=C3)O2
DXRHJEFJSKWMEQ-RUQCQZALNA-N,CHEMBL551187,4321,A,6.73,chembl20,579099,9606,MMP12,2675,C=1C=C2C(SC3=C2C=CC(=C3)NC(=O)NCCC=4SC=CC4)=CC1S(=O)(=O)N[C@H](C(O)=O)C(C)C
FDXJBNPNRWLQES-ZSWWDKBRNA-N,CHEMBL1935286,4321,A,10.0,chembl20,796143,9606,MMP12,2675,C1=C(S(N[C@H](C(O)=O)C(C)C)(=O)=O)C=C2OC3=C(C2=C1)C=C(C=C3)C=4OC(=CC4)Cl
DOXOLOXDHNMGLW-SMZHDZKZNA-N,CHEMBL272102,4321,A,7.19,chembl20,463867,9606,MMP12,2675,C1=CC(CC2=C(NC3=C2C=CC=C3)C)=CC=C1C(N[C@@H]4CCOC[C@@H]4C(NO)=O)=O
FWPVXLYOKAOERT-MEHZRLLJNA-N,44224245,4321,A,8.85387,pubchem,427755,9606,MMP12,2675,S(=O)(=O)(N[C@@H](C(C)C)C(=O)O)C1=CC=2OC3=C(C2C=C1)C=C(N4CCOC4=O)C=C3
FYLRGTJPSXLRCD-XTFLDAKUNA-N,CHEMBL1940316,4321,A,5.0,chembl20,798834,9606,MMP12,2675,OS=1(O)=CCC(NC(C=2C=CC(OC3=CC=C(C=C3)C#C[C@]4(O)CN5CCC4CC5)=CC2)=O)C1
CCTDBXLXFNHDIL-MVWNFRKJNA-N,25064704,4321,A,5.83268,pubchem,427755,9606,MMP12,2675,S(=O)(=O)(N[C@H](C(C)C)C(O)=O)C1=CC=2SC=3C(C2C=C1)=CC=C(NC(=O)NC4=CC=CC=C4)C3
CCTDBXLXFNHDIL-RUQCQZALNA-N,44248571,4321,A,7.05061,pubchem,427755,9606,MMP12,2675,S(=O)(=O)(N[C@@H](C(C)C)C(O)=O)C1=CC=2SC=3C(C2C=C1)=CC=C(NC(=O)NC4=CC=CC=C4)C3
FPQFSGNFLIZLQV-WIKMWNFJNA-N,CHEMBL271450,4321,A,6.27,chembl20,463867,9606,MMP12,2675,C1=CC(=CC=C1C(N[C@@H]2CCOC[C@@H]2C(=NO)O)=O)CC3=C(N=C4N3C=CC=C4)C5CC5
LDOSBGUASYKJNO-KIEFOCKRNA-N,25263239,4321,A,8.30103,pubchem,418149,9606,MMP12,2675,S(=O)(=O)(N[C@@H](C(C)C)C(=O)O)C1=CC=2OC=3C(C2C=C1)=CC(NC(=O)NC4CCCC4)=CC3
KYHOTCHBABTOMI-VJSLDGLSNA-N,76332924,4321,A,8.45223,pubchem,1077364,9606,MMP12,2675,S(=O)(=O)(N(C=1C(=CC(CN(CC)CC)=C(C1)C(O)=NO)C)CC2=CC=CC=C2)C3=CC=C(OC)C=C3
KKGJFHSYGOMRAH-QSFURRQSNA-N,25065514,4321,A,7.85387,pubchem,418149,9606,MMP12,2675,S(=O)(=O)(N[C@H](C(C)C)C(=O)O)C1=CC=2C3=C(OC2C=C1)C=C(NC(OCCC)=O)C=C3
MBSMJAHZPVXQCK-UYXUXQPONA-N,CHEMBL108494,4321,A,6.39,chembl20,497414,9606,MMP12,2675,C1C2CC3CC1CC(C3)(C4=NN=C(SC4)NC([C@@H](NS(C5=CC=CC=C5)(=O)=O)C)=O)C2
MKAIHDAGQJQAHA-NDLPQEHJNA-N,CHEMBL523034,4321,A,8.7,chembl20,579099,9606,MMP12,2675,N(C(OC)=O)C1=CC=C2C(=C1)C3=C(C=C(C=C3)S(=O)(=O)N[C@H](C(=O)O)C(C)C)O2
MIKNCWFLIGOQIO-STYAVDIENA-N,CHEMBL552175,4321,A,8.12,chembl20,579099,9606,MMP12,2675,C=1C=C2C(=CC1S(=O)(=O)N[C@H](C(O)=O)C(C)C)SC3=C2C=CC(=C3)NC(OCC=S(=C)(O)O)=O
KCBXQUWPZNVZIG-LMFLFGFQNA-N,CHEMBL270817,4321,A,6.8,chembl20,463867,9606,MMP12,2675,C1=CC(=CC=C1C(N[C@@H]2CCOC[C@@H]2C(=NO)O)=O)CC=3C(=NN4C3C=CC=C4)C(C)(C)C
IWDKAPBWRZOGPO-OTIVSWIJNA-N,CHEMBL1935289,4321,A,9.0,chembl20,796143,9606,MMP12,2675,C1=C(S(N[C@H](C(O)=O)C(C)C)(=O)=O)C=C2OC3=C(C2=C1)C=C(C=C3)C4=NNC=C4
IWDKAPBWRZOGPO-STYAVDIENA-N,57390511,4321,A,9.0,pubchem,638695,9606,MMP12,2675,S(=O)(=O)(N[C@@H](C(C)C)C(=O)O)C1=CC=2OC3=C(C2C=C1)C=C(C=C3)C=4NN=CC4
IERBLZLEQYZHMU-UJWWEOGYNA-N,CHEMBL1940310,4321,A,5.0,chembl20,798834,9606,MMP12,2675,N12CCC([C@](C#CC=3C=CC(OC=4C=CC(=CC4)C(=O)NC5CCN(CC5)C(=O)C)=CC3)(C1)O)CC2
IKRKDUGQVRSGJX-DXBWVGEPNA-N,CHEMBL229072,4321,A,6.11,chembl20,438531,9606,MMP12,2675,C(=O)(C1=CC=C(C=C1)OCC2=CC(=NC=3C2=CC=CC3)C)NC4=C(C5C(=O)NC(=O)N5)C=CC=C4
HUDBGKUNLWLMCD-MGIYANJWNA-N,CHEMBL523683,4321,A,9.05,chembl20,566178,9606,MMP12,2675,N(C(NC=1C=CSC1)=O)C2=CC=C3OC4=C(C=CC(=C4)S(=O)(N[C@H](C(=O)O)C(C)C)=O)C3=C2
HQJSUGYBAHKYEJ-AKTRCSBXNA-N,CHEMBL1644431,4321,A,7.89,chembl20,700258,9606,MMP12,2675,C=1(SC(=CC1C2=CC=C(C=C2)C=3C=CN=CC3)C(=O)N[C@H](CC(=O)O)C4=CC=CC=C4)F
HFOQNWMRADMEPV-MYIVHCKPNA-N,CHEMBL1935300,4321,A,8.8,chembl20,796143,9606,MMP12,2675,C1=C(C=C2C(C3=C(O2)C=CC(=C3)C=4N=C(ON4)C5CC5)=C1)S(N[C@H](C(O)=O)C(C)C)(=O)=O
HJNKYGBTSGQBDU-DADSGAFLNA-N,CHEMBL497985,4321,A,6.25,chembl20,497414,9606,MMP12,2675,C1C2(C[C@@H]([C@@H](C(N3CCN(CC3)C=4N=CC(C(F)(F)F)=CC4)=O)N(C2)C)C(=NO)O)C1
HFUOQSPXLWRCGA-HWRLVXEANA-N,CHEMBL492315,4321,A,5.41,chembl20,566178,9606,MMP12,2675,C=1(NC(OC)=O)C=C2OC3=C(C=C(S(N[C@H](C(=O)O)C(C)C)(=O)=O)C=C3)C2=CC1Br
HFUOQSPXLWRCGA-WVNODLLBNA-N,CHEMBL450549,4321,A,5.98,chembl20,566178,9606,MMP12,2675,C=1(NC(OC)=O)C=C2OC3=C(C=C(S(N[C@@H](C(=O)O)C(C)C)(=O)=O)C=C3)C2=CC1Br
JRZMGNCXDSZZAF-RPVDOOBHNA-N,CHEMBL271938,4321,A,8.0,chembl20,463867,9606,MMP12,2675,C1=CC(=CC=C1C(N[C@@H]2CCOC[C@@H]2C(=NO)O)=O)CC3=C(OC4=C3C=CC=C4)C(C)C
PVXFXCXPVPZDJJ-GDMNYHCGNA-N,CHEMBL404019,4321,A,6.8,chembl20,463867,9606,MMP12,2675,C=1C=C(CC2=C(NC=3C2=CC=CC3)C)C=CC1C(N[C@@H]4CNC[C@@H]4C(NO)=O)=O
WJULIBHPWZXMJA-RBURESBDNA-N,CHEMBL366111,4321,A,9.02,chembl20,305093,9606,MMP12,2675,S([C@H]1[C@](C(O)=NO)(O)COCC1)(C2=CC=C(OCC3=C(C=C(C=C3)Cl)Cl)C=C2)(=O)=O
PGVYYPZKXKGBLD-DYSFGKOENA-N,CHEMBL253275,4321,A,5.1,chembl20,497414,9606,MMP12,2675,C=1C=CC=C2N=C(N(C21)CC=3C=CC(=CC3)C(N[C@@H]4CCOC[C@@H]4C(=NO)O)=O)C(F)(F)F
PEOWGCZHIMSTFM-JJKWGKMWNA-N,25064906,4321,A,7.69465,pubchem,427755,9606,MMP12,2675,S(=O)(=O)(N[C@@H](C(C)C)C(=O)O)C1=CC=2SC3=C(C2C=C1)C=CC(NC(OCC(C)C)=O)=C3
RGCUFTVHLLFSQN-JGTFZBORNA-N,44248450,4321,A,7.60206,pubchem,427755,9606,MMP12,2675,S(=O)(=O)(N[C@@H](C(C)C)C(=O)O)C1=CC=2SC3=C(C2C=C1)C=CC(NC(OC4=CC=CC=C4)=O)=C3
QPLRROCTSCFWJD-JGTFZBORNA-N,25263238,4321,A,7.9914,pubchem,418149,9606,MMP12,2675,S(=O)(=O)(N[C@@H](C(C)C)C(=O)O)C1=CC=2OC=3C(C2C=C1)=CC(NC(OC4=CC=CC=C4)=O)=CC3
ROFAQOFULLWONA-VBYNCEOBNA-N,CHEMBL78233,4321,A,7.03,chembl20,458938,9606,MMP12,2675,N(C(C(CP(=O)(CC=1C=CC=CC1)O)CCC2=CC=CC=C2)=O)[C@H](C(=O)NC)C(C)(C)C
RHKVTWOHZUDRRL-RUONTYCTNA-N,CHEMBL252893,4321,A,7.0,chembl20,461594,9606,MMP12,2675,N([C@@H]1CCOC[C@@H]1C(NO)=O)C(C2=CC=C(OCC=3C=C(C)N=C4C3C=CC=C4)C=C2)=O
RIDAOIWGEBNMDN-VXCYNTPSNA-N,25263232,4321,A,7.1549,pubchem,418149,9606,MMP12,2675,S(=O)(=O)(N[C@@H](C(C)C)C(=O)O)C1=CC=2OC=3C(C2C=C1)=CC(N=S(O)(O)=CC(F)(F)F)=CC3
RMOHCLIILNDOTO-XQJVRFBCNA-N,57390512,4321,A,8.92082,pubchem,638695,9606,MMP12,2675,S(=O)(=O)(N[C@@H](C(C)C)C(=O)O)C1=CC=2OC3=C(C2C=C1)C=C(C=C3)C=4SC(=CN4)C
MMRITKOLOPLQTB-WIKMWNFJNA-N,CHEMBL403777,4321,A,6.24,chembl20,463867,9606,MMP12,2675,C1=CC(=CC=C1C(N[C@@H]2CCOC[C@@H]2C(=NO)O)=O)CC3=C(N=C4N3C=CC=C4)C(C)C
NRYNGPSRPGKXBU-VJORZSPNNA-N,57394039,4321,A,8.72125,pubchem,638695,9606,MMP12,2675,S(=O)(=O)(N[C@@H](C(C)C)C(=O)O)C1=CC=2OC3=C(C2C=C1)C=C(C=C3)C=4N=C(ON4)COC
NSGAOCYSLOCKGW-CAXFFFRFNA-N,25263231,4321,A,5.60206,pubchem,418149,9606,MMP12,2675,S(=O)(=O)(N[C@H](C(C)C)C(O)=O)C1=CC=2C=3C(OC2C=C1)=CC(NS(=O)(=O)C4=C(ON=C4C)C)=CC3
NZFXVEQIRZMPRQ-STYAVDIENA-N,44248449,4321,A,8.11919,pubchem,427755,9606,MMP12,2675,S(=O)(=O)(N[C@@H](C(C)C)C(O)=O)C1=CC=2SC=3C(C2C=C1)=CC=C(NC(OCCS(=O)(=O)C)=O)C3
OTYPWJTWIVTSCQ-MMZSQZHBNA-N,CHEMBL240464,4321,A,6.68,chembl20,452975,9606,MMP12,2675,C1(=CC=C(C(NCC2(C(NC(NC2=O)=O)=O)CC)=O)C=C1)OCC3=CC(C)=NC=4C3=CC=CC4
LLJREHOWNIBILL-AATXMJDANA-N,CHEMBL1935285,4321,A,10.0,chembl20,796143,9606,MMP12,2675,C1=C(S(N[C@H](C(O)=O)C(C)C)(=O)=O)C=C2OC3=C(C2=C1)C=C(C=C3)C=4OC(=CC4)C
LRWQFBOGOQUNGX-IYFNHGIWNA-N,CHEMBL1644426,4321,A,6.85,chembl20,700258,9606,MMP12,2675,C1(=C(C=C(S1)C(=O)NC[C@H]2CC[C@@H](CC2)C(=O)O)C=3C=CC(=CC3)OC(F)(F)F)F
WLOPIASEMSFICU-SFPOKZFBNA-N,57392282,4321,A,7.74473,pubchem,638695,9606,MMP12,2675,S(=O)(=O)(N[C@@H](C(C)C)C(=O)O)C1=CC=2OC3=C(C=C(N4CCN(CC4)C)C=C3)C2C=C1
NITYDPDXAAFEIT-CEUOWLFHNA-N,132519,4321,A,9.284,pubchem,1077364,9606,MMP12,2675,O=C(N[C@@H](CC=1C=2C(NC1)=CC=CC2)C(=O)NC)[C@H](CC(C)C)CC(=O)NO
OMIFHGMAOBZJFO-WCZUVDPWNA-N,CHEMBL1940314,4321,A,5.0,chembl20,798834,9606,MMP12,2675,OS=1(O)=CCC(NC(C=2C=CC(OC3=CC=C(C=C3)C#C[C@]4(O)CN5CCC4CC5)=CC2)=O)CC1
NZQAAPJCTUNRMX-SECOMMCFNA-N,CHEMBL1935296,4321,A,7.77,chembl20,796143,9606,MMP12,2675,C1=C(C=C2C(C3=C(O2)C=CC(=C3)C=4N=C(ON4)C(C)(C)C)=C1)S(=O)(=O)N[C@H](C(O)=O)C(C)C
WUJPOLIUEWWSHN-STYAVDIENA-N,CHEMBL559583,4321,A,7.64,chembl20,579099,9606,MMP12,2675,C=1C=C2C(=CC1S(=O)(=O)N[C@H](C(O)=O)C(C)C)SC3=C2C=CC(=C3)NC(OC(C)C)=O
VMTJQZUZINLEKC-ZHWDYBHHNA-N,CHEMBL508461,4321,A,7.85,chembl20,497414,9606,MMP12,2675,S1C(=CC(=C1)C2=CC=C(C=C2)C=3C=CN=CC3)C(=O)N[C@H](CC(O)=O)C4=CC=CC=C4
WDMMHRSZAREYDM-STYAVDIENA-N,25066765,4321,A,8.25181,pubchem,418149,9606,MMP12,2675,S(=O)(=O)(N[C@@H](C(C)C)C(=O)O)C1=CC=2OC=3C(C2C=C1)=CC(NC(OCCC)=O)=CC3
WHUKRVZMYYJSJL-CDEHEXPANA-N,CHEMBL1940309,4321,A,5.0,chembl20,798834,9606,MMP12,2675,O=S(=O)(N1CCC(NC(C=2C=CC(OC=3C=CC(C#C[C@]4(O)CN5CCC4CC5)=CC3)=CC2)=O)CC1)C
XOJQSQYURGQXNG-HZGZCFITNA-N,CHEMBL1935299,4321,A,8.66,chembl20,796143,9606,MMP12,2675,C1=C(C=C2C(C3=C(O2)C=CC(=C3)C=4N=C(ON4)C(F)(F)F)=C1)S(=O)(=O)N[C@H](C(O)=O)C(C)C
XWRCGYJBDCRHCY-NJNQMDBZNA-N,CHEMBL473610,4321,A,7.0,chembl20,566178,9606,MMP12,2675,C1(=CC=2OC3=C(C2C=C1)C=C(S(=O)(=O)N[C@@H](C(O)=O)C(C)C)C=C3)NS(=O)(C4=CC=CC=C4)=O
VYAMAYOVUONCDB-JJKWGKMWNA-N,CHEMBL494529,4321,A,8.33,chembl20,566178,9606,MMP12,2675,N(C(OCC(C)C)=O)C1=CC=C2OC3=C(C=CC(=C3)S(=O)(N[C@@H](C(C)C)C(=O)O)=O)C2=C1
WOQIQKYKNMVGLZ-YNTSDMRYNA-N,57397577,4321,A,9.1549,pubchem,638695,9606,MMP12,2675,S(=O)(=O)(N[C@@H](C(C)C)C(=O)O)C1=CC=2OC3=C(C2C=C1)C=C(N4N=C(C=C4)C(F)(F)F)C=C3
WJMYDAMERKEXFF-GWCUUHKRNA-N,CHEMBL1935301,4321,A,8.64,chembl20,796143,9606,MMP12,2675,C1=C(C=C2C(C3=C(O2)C=CC(=C3)C=4N=C(ON4)C5CCC5)=C1)S(=O)(=O)N[C@H](C(O)=O)C(C)C
RMPYEISUTHEMLW-CDEHEXPANA-N,CHEMBL1940308,4321,A,5.1,chembl20,798834,9606,MMP12,2675,N12CCC([C@](C#CC=3C=CC(OC=4C=CC(=CC4)C(=O)NC5CCN(CC5)C)=CC3)(C1)O)CC2
STDLDNSJNOVMBK-XKVFONADNA-N,CHEMBL118497,4321,A,8.59,chembl20,106457,9606,MMP12,2675,C(N[C@@H](C[C@@H](C(O)=NO)C)COC(=O)CCC(O)=O)(C=1C=CC(OC=2C=CC=CC2)=CC1)=O
VCNCKDLZUXUYIX-UHDICIBQNA-N,CHEMBL272512,4321,A,6.97,chembl20,463867,9606,MMP12,2675,C1=CC(=CC=C1C(N[C@@H]2CCOC[C@@H]2C(NO)=O)=O)CC3=C(NC4=C3C=CC=C4)CC
SMWVRODLVRVTBW-ZRLIBOMZNA-N,25263230,4321,A,7.30103,pubchem,418149,9606,MMP12,2675,S(=O)(=O)(N[C@H](C(C)C)C(O)=O)C1=CC=2C=3C(OC2C=C1)=CC(NS(=O)(=O)C(C)C)=CC3
TUJKFLFRSWBCFZ-CQHMEIOFNA-N,CHEMBL563343,4321,A,7.47,chembl20,579099,9606,MMP12,2675,C=1C=C2C(SC3=C2C=CC(=C3)NC(=O)NCC4=CC=CC=C4)=CC1S(=O)(=O)N[C@H](C(O)=O)C(C)C
UCBHULDBBSNWOP-RNNWNTLANA-N,CHEMBL255418,4321,A,7.15,chembl20,463867,9606,MMP12,2675,C1=CC(=CC=C1C(N[C@@H]2CN(C[C@@H]2C(NO)=O)CC#C)=O)CC3=C(NC4=C3C=CC=C4)C
URNSMGRITRSYDT-ZSWWDKBRNA-N,CHEMBL1935290,4321,A,9.4,chembl20,796143,9606,MMP12,2675,C1=C(S(N[C@H](C(O)=O)C(C)C)(=O)=O)C=C2OC3=C(C2=C1)C=C(C=C3)C=4NC=CC4
UWFRWYGMHWPIMQ-DYSFGKOENA-N,CHEMBL255160,4321,A,5.49,chembl20,463867,9606,MMP12,2675,C1=CC(=CC=C1C(N[C@@H]2CCOC[C@@H]2C(=NO)O)=O)CC3=C(N=C4N3C=CC=C4)C(F)(F)F
ZLJMGGBUDDVMDJ-IAEBWRAQNA-N,CHEMBL1935281,4321,A,7.64,chembl20,796143,9606,MMP12,2675,C1=C(S(N[C@H](C(O)=O)C(C)C)(=O)=O)C=C2OC3=C(C2=C1)C=C(C=C3)N4CCNCC4
YODOKYMGJFAIPQ-ZSWWDKBRNA-N,CHEMBL1935283,4321,A,8.66,chembl20,796143,9606,MMP12,2675,C1=C(S(N[C@H](C(O)=O)C(C)C)(=O)=O)C=C2OC3=C(C2=C1)C=C(C=C3)N4CCOCC4
YNSKBMXZDCLQIV-DETMYWQANA-N,CHEMBL1796298,4321,A,5.0,chembl20,798834,9606,MMP12,2675,C([C@]1(C2CCN(CC2)C1)O)#CC3=CC=C(OC4=CC=C(C(=O)NCC=5C=CN=CN5)C=C4)C=C3
YTHUQFQHXZIQRV-MGMITRFONA-N,CHEMBL492904,4321,A,8.0,chembl20,566178,9606,MMP12,2675,N(C(=O)OCCF)C1=CC2=C(C=C1)C3=C(C=C(S(N[C@H](C(=O)O)C(C)C)(=O)=O)C=C3)O2
YTIQSKPYJKROHS-MGMITRFONA-N,CHEMBL523201,4321,A,8.68,chembl20,566178,9606,MMP12,2675,N(C(=O)OCCF)C1=CC=C2C(=C1)C3=C(C=C(C=C3)S(=O)(N[C@@H](C(C)C)C(=O)O)=O)O2
YXKKEOGFLPKGED-DLWZGPNGNA-N,CHEMBL403778,4321,A,5.99,chembl20,463867,9606,MMP12,2675,C1=CC(CC2=C(N=C3N2C=CC=C3)C)=CC=C1C(N[C@@H]4CCOC[C@@H]4C(=NO)O)=O
YQUCBFIQSJVCOR-FPBSOZJENA-N,CHEMBL1233524,4321,A,5.08,chembl20,701435,9606,MMP12,2675,C1[C@H](N(CCN(C)C)C)CN2C=3C=C(C(O)=O)C=CC3C(C4CCCCC4)=C2C=5C=CC=CC5O1
YEALYCAODNUTLF-VJORZSPNNA-N,CHEMBL1935294,4321,A,8.54,chembl20,796143,9606,MMP12,2675,C1=C(C=C2OC3=C(C2=C1)C=C(C=C3)C=4N=C(ON4)CC)S(N[C@H](C(O)=O)C(C)C)(=O)=O
YJSYFCHNFUBPQY-AOMDUCGJNA-N,CHEMBL402118,4321,A,7.07,chembl20,463867,9606,MMP12,2675,C1=CC(=CC=C1C(N[C@@H]2CNC[C@@H]2C(=NO)O)=O)CC3=C(OC4=C3C=CC=C4)C(C)C
ZWTCEEUJIZBEBZ-QZVGLAAINA-N,CHEMBL1644427,4321,A,6.7,chembl20,700258,9606,MMP12,2675,C1(=C(C=C(C(=O)N[C@H](CC(=O)O)C2=CC=CC=C2)S1)C=3C=CC(=CC3)OC(F)(F)F)F
CZHZWZZBEPLJRV-RQNGWTAENA-N,57395798,4321,A,8.14267,pubchem,638695,9606,MMP12,2675,S(=O)(=O)(N[C@@H](C(C)C)C(=O)O)C1=CC=2OC3=C(C2C=C1)C=C(C=4N=C(ON4)C5CCCCC5)C=C3
CXXAQJLJHAAUEJ-YGZQXJFLNA-N,CHEMBL1644429,4321,A,8.15,chembl20,700258,9606,MMP12,2675,C1(F)=C(C=C(C(=O)NC[C@H]2CC[C@@H](CC2)C(=O)O)S1)C=3C=CC(=CC3)C=4C=CC(=CC4)C(=O)C
BGPDKPPPOAJAIA-LNMKJASUNA-N,25065108,4321,A,7.44009,pubchem,427755,9606,MMP12,2675,S(=O)(=O)(N[C@@H](C(C)C)C(=O)O)C1=CC=2SC3=C(C2C=C1)C=CC(NC(OC4=CC=C(C=C4)C)=O)=C3
FFGHBWJVBSUBKN-RUQCQZALNA-N,44248570,4321,A,7.74473,pubchem,427755,9606,MMP12,2675,S(=O)(=O)(N[C@@H](C(C)C)C(=O)O)C1=CC=2OC3=C(C2C=C1)C=CC(NC(=O)NCCC=4SC=CC4)=C3
HOQRRVLBMMILPN-QUWHQYRPNA-N,CHEMBL392232,4321,A,6.02,chembl20,456578,9606,MMP12,2675,C1([C@H]2CCN(C[C@H]2NC(=O)C3=CC=C(OCC=4C=C(N=C5C4C=CC=C5)C)C=C3)C)=NNC(=N1)S
KEMDGKYEBOPVCD-RQNGWTAENA-N,CHEMBL1935303,4321,A,8.4,chembl20,796143,9606,MMP12,2675,C1=C(C=C2C(C3=C(C=CC(=C3)C=4N=C(ON4)C5=CC=CC=C5)O2)=C1)S(=O)(N[C@H](C(O)=O)C(C)C)=O
IANBHIHXRLTEEH-WRPLANPYNA-N,CHEMBL429112,4321,A,5.89,chembl20,452975,9606,MMP12,2675,C12(C(=O)NC(NC1=O)=O)CN(CC2NC(C3=CC=C(C=C3)OCC4=CC(C)=NC=5C4=CC=CC5)=O)S(C)(=O)=O
JFCGISGLHXBESS-XCHACDBSNA-N,25066563,4321,A,8.09151,pubchem,418149,9606,MMP12,2675,S(=O)(=O)(N[C@@H](C(C)C)C(=O)O)C1=CC=2OC=3C(C2C=C1)=CC(NC(OC4=CC=C(F)C=C4)=O)=CC3
JKGXHZACAIUQHN-PBKGBCSMNA-N,CHEMBL1940315,4321,A,5.0,chembl20,798834,9606,MMP12,2675,OS=1(O)=CCCC(NC(C=2C=CC(OC3=CC=C(C=C3)C#C[C@]4(O)CN5CCC4CC5)=CC2)=O)C1
HJFONKSERLWIGE-ZWXCMMRBNA-N,6852146,4321,A,7.85387,pubchem,427755,9606,MMP12,2675,S(=O)(=O)(N[C@@H](C(C)C)C(=O)O)C1=CC=C(C=C1)C=2C=CC(NC(=O)C=3OC=4C(C3)=CC=CC4)=CC2
QAOWEZMLHINPHR-DZRHSNLNNA-N,CHEMBL1940312,4321,A,5.0,chembl20,798834,9606,MMP12,2675,N12CCC([C@](C#CC3=CC=C(OC=4C=CC(=CC4)C(=O)NC5CCN(CC5)C(=O)NC)C=C3)(C1)O)CC2
OZAYVSZVQPANBZ-LNMKJASUNA-N,25066566,4321,A,7.85387,pubchem,418149,9606,MMP12,2675,S(=O)(=O)(N[C@@H](C(C)C)C(=O)O)C1=CC=2OC=3C(C2C=C1)=CC(NC(OC4=CC=C(C=C4)C)=O)=CC3
QLTLDNNYEXKZSY-LYVCDFRDNA-N,CHEMBL602949,4321,A,6.15,chembl20,608478,9606,MMP12,2675,N1(C(CCC1)C2=CC=CC=C2)C(C(=O)[C@H](C(=O)NCCC=3SC=C(CC4=CC=CC=C4)C3)O)O
RBZQWZODGBMNHX-NWOPFOCMNA-N,CHEMBL1232074,4321,A,7.84,chembl20,694547,9606,MMP12,2675,[C@@H]1([C@H](O)[C@@H](O)[C@@H]([C@@H](CO)O1)O)OCCN(S(=O)(=O)C2=CC=C(OC)C=C2)CC(=NO)O
RJKVRZJNTANTQB-XCHACDBSNA-N,CHEMBL492905,4321,A,7.8,chembl20,566178,9606,MMP12,2675,N(C(OC1=CC=C(C=C1)F)=O)C2=CC=3OC4=C(C=CC(S(=O)(=O)N[C@@H](C(C)C)C(=O)O)=C4)C3C=C2
NKMIAMGCMBNGTC-OENWQRBZNA-N,CHEMBL3133269,4321,A,9.0,chembl20,1298987,9606,MMP12,2675,C(=C(C(N[C@H](C(NC)=O)CC1=CC=CC=C1)O)CCC2=CC=C(C=C2)C=3C=NC=CC3)C(=NO)O
LIYRHLZYJZBQCM-AOUIMPDMNA-N,CHEMBL1940311,4321,A,5.0,chembl20,798834,9606,MMP12,2675,N12C[C@](C#CC3=CC=C(OC=4C=CC(=CC4)C(=O)NC5CCN(CC5)C(=O)C6CC6)C=C3)(O)C(CC1)CC2
LIBJLMBRYDKFLR-RUQCQZALNA-N,CHEMBL493356,4321,A,8.96,chembl20,566178,9606,MMP12,2675,N(C(NCCC1=CC=CS1)=O)C2=CC=C3OC4=C(C=CC(=C4)S(=O)(N[C@H](C(=O)O)C(C)C)=O)C3=C2
VXTLHKJGOCNUSX-DXBWVGEPNA-N,CHEMBL248173,4321,A,6.24,chembl20,452975,9606,MMP12,2675,C12(C(NC(NC1=O)=O)=O)CN(CC2NC(C3=CC=C(OCC=4C=5C(N=C(C)C4)=CC=CC5)C=C3)=O)C(C)=O
WMWPLQAXVKBJIC-WWIOBWNGNA-N,CHEMBL403186,4321,A,6.6,chembl20,462369,9606,MMP12,2675,[C@@H]1(CN(C[C@H]1N=C(C=2C=CC(=CC2)CN3C(=NC4=C3C=CC=C4)C)O)C(=O)OC(C)(C)C)C(=NO)O
WQFCYJUKPPJLAC-OKSKYOOTNA-N,CHEMBL3133268,4321,A,7.32,chembl20,1298987,9606,MMP12,2675,C([C@H](C(N[C@H](C(NC)=O)CC1=CC=CC=C1)=O)CCC2=CC=C(C=C2)C=3C=NC=CC3)C(=O)O
SXULEDPOWFISCW-VJKGTFNXNA-N,CHEMBL1935297,4321,A,8.27,chembl20,796143,9606,MMP12,2675,C1=C(C=C2C(C3=C(O2)C=CC(=C3)C=4N=C(ON4)CC(C)C)=C1)S(=O)(=O)N[C@H](C(O)=O)C(C)C
SIICAQVADMFEDB-GPHIQYMINA-N,CHEMBL271235,4321,A,7.92,chembl20,463242,9606,MMP12,2675,C=1(C=C(C)N=C2C=CC=CC12)COC=3C=CC(=CC3)C(N[C@@H]4CN(C[C@@H]4C(NO)=O)CC#C)=O
SDNMPMDMJTYOAW-KRNBGQOTNA-N,CHEMBL402436,4321,A,6.27,chembl20,462369,9606,MMP12,2675,[C@@H]1(CN(C(=O)OC(C)(C)C)C[C@H]1NC(=O)C2=CC=C(C=C2)CN3C4=C(N=C3SC)C=CC=C4)C(=NO)O
SQQRAMLTIHSAJA-XCHACDBSNA-N,25065109,4321,A,7.55284,pubchem,427755,9606,MMP12,2675,S(=O)(=O)(N[C@@H](C(C)C)C(=O)O)C1=CC=2SC3=C(C2C=C1)C=CC(NC(OC4=CC=C(F)C=C4)=O)=C3
VFDHTLCJQNLYTR-XCHACDBSNA-N,25066564,4321,A,8.18046,pubchem,418149,9606,MMP12,2675,ClC=1C(OC(=O)NC=2C=C3C4=C(OC3=CC2)C=C(S(=O)(=O)N[C@@H](C(C)C)C(=O)O)C=C4)=CC=CC1
VEBNYMXKXIIGFX-KBXRYBNXNA-N,5319161,4321,A,5.92082,pubchem,670314,9606,MMP12,2675,O(C1CC(O)(CC(OC(=O)/C=C/C2=CC(O)=C(O)C=C2)C1O)C(OC)=O)C(=O)/C=C/C3=CC(O)=C(O)C=C3
XIOASTZOHFEMRW-YSFXASRINA-N,25122164,4321,A,9.52288,pubchem,638695,9606,MMP12,2675,S(=O)(=O)(N[C@@H](C(C)C)C(=O)O)C1=CC=2OC3=C(C2C=C1)C=C(C=4N=C(ON4)C5CCOC5)C=C3
YSRLIHTZJHEXLM-IVRGUCONNA-N,CHEMBL492314,4321,A,7.35,chembl20,566178,9606,MMP12,2675,C1(NC(OC2=CC=CC=C2)=O)=CC=3OC4=C(C=C(S(=O)(=O)N[C@H](C(C)C)C(=O)O)C=C4)C3C=C1
ZVQXOBXYAOIXSK-DIBDQYJINA-N,CHEMBL440048,4321,A,6.41,chembl20,452975,9606,MMP12,2675,C1(=CC=C(C(NCC2(C(NC(NC2=O)=O)=O)CC3=CC=CC=C3)=O)C=C1)OCC4=CC(C)=NC=5C4=CC=CC5
ZRKGOWPEUYUOLZ-BSSZKTHXNA-N,CHEMBL1644430,4321,A,7.62,chembl20,700258,9606,MMP12,2675,C1(F)=C(C=C(C(=O)N[C@@H](C2=CC=CC=C2)CC(=O)O)S1)C=3C=CC(=CC3)C=4C=CC(=CC4)C(=O)C
BIMPKRWFMWVAKJ-JFCGNQDTNA-N,CHEMBL391376,4321,A,5.99,chembl20,452975,9606,MMP12,2675,C12(C(=O)NC(NC1=O)=O)CN(CC2NC(C=3C=CC(=CC3)OCC=4C=5C(N=C(C)C4)=CC=CC5)=O)C(OC(C)(C)C)=O
FMMBVZGWJZFRLY-YLQDWQFSNA-N,CHEMBL395880,4321,A,5.99,chembl20,497414,9606,MMP12,2675,N1(CCN(S(C)(=O)=O)CC1)C2(C(NC(NC2=O)=O)=O)CNC(C3=CC=C(OCC4=C5C=CC=CC5=NC(=C4)C)C=C3)=O
DACARRUBIAXSBX-RAEDCGNWNA-N,12000718,4321,A,6.18376,pubchem,669903,9606,MMP12,2675,O=C(N[C@H]1CCC2=C1C=CC(=C2C)C(O)=O)C=3N4N=CC=C4N=C(C3)C(=O)NCC5=CC=6NC(=O)COC6C=C5
HTYCVVAAKRVDGM-CZHFBZTGNA-N,CHEMBL2333287,4321,A,5.68,chembl20,946628,9606,MMP12,2675,C([C@H](OC(/C=C/C1=CC(=C(C=C1)OCC2=CC=CC=C2)OCC3=CC=CC=C3)=O)CC4=CC(OC)=C(C=C4)OC)(=O)O
HTYCVVAAKRVDGM-QGBOBYSGNA-N,CHEMBL2333288,4321,A,5.64,chembl20,946628,9606,MMP12,2675,C([C@@H](OC(/C=C/C1=CC(=C(C=C1)OCC2=CC=CC=C2)OCC3=CC=CC=C3)=O)CC4=CC(OC)=C(C=C4)OC)(=O)O
HWRTYSUSQVJAGF-SHVCDPPQNA-N,CHEMBL447787,4321,A,6.41,chembl20,462369,9606,MMP12,2675,[C@@H]1(CN(C(=O)OC(C)(C)C)C[C@H]1N=C(C=2C=CC(=CC2)CN3C(=NC4=C3C=CC=C4)C(C)C)O)C(=NO)O
MXSTVAAIMVPNIF-MXKIAQMGNA-N,CHEMBL240854,4321,A,5.39,chembl20,452975,9606,MMP12,2675,C1(=CC=C(C=C1)C(=O)NCC2(C(NC(NC2=O)=O)=O)N3CCN(CC3)CC4=CC=CC=C4)OCC=5C=6C(N=C(C5)C)=CC=CC6
WFQFQAQNCYHBTC-RVTURWAXNA-N,CHEMBL77995,4321,A,8.4,chembl20,458938,9606,MMP12,2675,N(C(C(CP(=O)(CC=1C=CC(CC2=C(OC)C=CC=C2)=CC1)O)CCC3=CC=CC=C3)=O)[C@H](C(=O)NC)C(C)(C)C
WUGZBWFREMAISJ-BEAPDWDANA-N,CHEMBL247141,4321,A,5.45,chembl20,456578,9606,MMP12,2675,C1([C@H]2CN(C[C@H]2N=C(O)C=3C=CC(OCC=4C=C(N=C5C4C=CC=C5)C)=CC3)C(=O)OC(C)(C)C)=NNC(S)=N1
VDNQILFFXZGSAK-SDVDAHEINA-N,CHEMBL240465,4321,A,7.3,chembl20,452975,9606,MMP12,2675,C1(=CC=C(C=C1)C(NCC2(C(NC(NC2=O)=O)=O)N3CCN(CC3)C(=O)C(C)(C)C)=O)OCC=4C=5C(N=C(C4)C)=CC=CC5
VAQVSMUJBPTVIS-GHBWVBJQNA-N,CHEMBL77163,4321,A,8.77,chembl20,458938,9606,MMP12,2675,N(C(C(CP(=O)(CC=1C=CC(=CC1)CC=2C=CC=CC2)O)CCC=3C=CC(=CC3)Cl)=O)[C@H](C(=O)NC)C(C)(C)C
UTSFQPTVPZNJJH-ALMLJWKONA-N,CHEMBL290377,4321,A,8.09,chembl20,458938,9606,MMP12,2675,N(C(C(CP(=O)(CC1=CC=C(C=C1)CC=2C=CC=CC2)O)CCC3=CC=CC=C3)=O)[C@H](C(=O)NC)C(C)(C)C
VDZXMXGMCNRNLP-WVRSUYCFNA-N,CHEMBL391288,4321,A,6.89,chembl20,452975,9606,MMP12,2675,C12(C(=O)NC(NC1=O)=O)CN(CC2NC(C3=CC=C(C=C3)OCC=4C=5C(=CC=CC5)N=C(C)C4)=O)C(C6=CN=CC=C6)=O
HXHLWPVBBLIGJV-FGUVTTNYNA-N,71563039,4321,A,7.83268,pubchem,722650,9606,MMP12,2675,BrC1=CC=C(P(O)(=O)C[C@@H](CC=2ON=C(C2)C=3C=CC=CC3)C(=O)N[C@@H](C)C(=O)N[C@@H](C)C(=O)N)C=C1
HLZGHZBDUQUWJL-MXKIAQMGNA-N,CHEMBL240855,4321,A,5.33,chembl20,452975,9606,MMP12,2675,C=1(C=CC(=CC1)C(=O)NCC2(C(NC(NC2=O)=O)=O)N3CCN(CC3)C(C4=CN=CC=C4)=O)OCC=5C=6C(N=C(C5)C)=CC=CC6
QWHMMEKTFNJGTI-CAZAOBSSNA-N,CHEMBL2048506,4321,A,5.75,chembl20,827437,9606,MMP12,2675,C=1(C=CC(/C=C/C(O[C@H](CC2=CC(=C(C=C2)O)O)C(O)=O)=O)=C3C1O[C@H](C4=CC=C(C(=C4)O)O)[C@H]3C(=O)OCCCC)O
YAXTXMBBIHBGPZ-ZBBBDWFHNA-N,70688393,4321,A,6.17393,pubchem,670314,9606,MMP12,2675,O1[C@@H]([C@H](C=2C1=C(O)C=CC2/C=C/C(O[C@H](CC3=CC(O)=C(O)C=C3)C(OC)=O)=O)C(OC)=O)C4=CC(O)=C(O)C=C4
XYEJAKNGQXQKEF-AEVQQBJZNA-N,CHEMBL2205659,4321,N,4.89,chembl20,879888,9606,MMP12,2675,O=S(=O)(N(CC(=O)O)C([C@H](CC(C)C)NC([C@@H]1CCCN1C(OCC2=CC=CC=C2)=O)=O)=O)C3=CC=C(C=C3)C4=CC=CC=C4
VGXYGECPCDQSNI-AWJMSCCRNA-N,CHEMBL308277,4321,A,8.3,chembl20,458938,9606,MMP12,2675,N(C(C(CP(=O)(CC1=CC=C(CC2=C(OC)C=CC=C2)C=C1)O)CCC=3C=CC(=CC3)Cl)=O)[C@H](C(=O)NC)C(C)(C)C
DQLDJYJWPVFOFC-IOXXGWMXNA-N,CHEMBL431680,4321,A,6.41,chembl20,106459,9606,MMP12,2675,C1(N[C@H](C(NCC(N2CCNCC2)=O)=O)CCCCNC(OCCC[C@@H]([C@H]1CC3=CC=C(C=4C(C(F)(F)F)=CC=CC4)C=C3)C(=O)NO)=O)=O
LIUMDGLYGBIKBM-UQIGNBBYNA-N,70698422,4321,A,9.55284,pubchem,722650,9606,MMP12,2675,BrC1=CC=C(P(O)(=O)C[C@@H](CC=2ON=C(C2)C=3C=CC(=CC3)C4=CC(Cl)=CC=C4)C(=O)N[C@@H](C)C(=O)N[C@@H](C)C(=O)N)C=C1
RWKJBOMUESGCBO-FTIJJLLFNA-N,10395015,4321,A,5.69897,pubchem,109240,9606,MMP12,2675,FC(F)(F)C=1C(C2=CC=C(C[C@@H]3[C@H](CCCOC(=O)NCCCC[C@H](NC3=O)C(=O)NCC(=O)N4CCOCC4)C(=O)NO)C=C2)=CC=CC1
RWKJBOMUESGCBO-QQEBFRSNNA-N,CHEMBL325163,4321,A,5.7,chembl20,106459,9606,MMP12,2675,C1=CC=CC(=C1C2=CC=C(C=C2)C[C@@H]3[C@@H](C(=NO)O)CCCOC(NCCCC[C@H](NC3=O)C(=O)NCC(N4CCOCC4)=O)=O)C(F)(F)F
RXBMEHOLQJITJI-ISZJHNTINA-N,CHEMBL2316256,4321,A,7.81,chembl20,935216,9606,MMP12,2675,O=P(O)(C1=CC=C(C=C1)Br)C[C@H](C(N[C@H](C(=O)N[C@H](C(N)=O)CCC(O)=O)CCC(=O)O)=O)CC2=CC(=NO2)C3=CC=CC=C3
FNMHEHXNBNCPCI-QEOJJFGVNA-N,CHEMBL504873,4321,A,5.09,chembl20,827437,9606,MMP12,2675,C=1(C=C(/C=C/C(OC[C@@H]2[C@@H](O)[C@H](O[C@@H]3O[C@H]([C@@H]([C@H]([C@H]3O)O)O)C)[C@@H](O)[C@@H](O2)OCCC4=CC=C(C(=C4)O)O)=O)C=CC1O)O
LCWWOMJWYGNKJF-SUMHWERCNA-N,CHEMBL114878,4321,A,7.46,chembl20,106459,9606,MMP12,2675,C1(N[C@H](C(NCC(N2CCNCC2)=O)=O)CCCCNC(OCCC[C@@H]([C@H]1CC3=CC=C(C=4C=C(C(F)(F)F)C=C(C(F)(F)F)C4)C=C3)C(=O)NO)=O)=O
PTUCPHGSAFOJAU-GVAZJIISNA-N,CHEMBL507420,4321,A,9.72,chembl20,497414,9606,MMP12,2675,C1=CC(=CC=C1Br)P(C[C@H](C(N[C@H](C(N[C@H](C(=O)N)CCC(O)=O)=O)CCC(O)=O)=O)CC=2ON=C(C=3C=CC(C4=CC=CC(=C4)Cl)=CC3)C2)(O)=O
VKWIFJJSBFKANJ-WSZCAHOZNA-N,CHEMBL2205661,4321,N,4.32,chembl20,879888,9606,MMP12,2675,O=S(=O)(NCC(N[C@H](C(N[C@H](C(N[C@H](C(N[C@H](C(N)=O)C)=O)CCC(=O)O)=O)CCC(=O)O)=O)CC(C)C)=O)C1=CC=C(C=C1)C2=CC=CC=C2